gene_name_sce,gene_product_sce,inchiKey,omcl,gene_name_tcr,gene_product_tcr
YOR091W,Tma46p,ZVPDNRVYHLRXLX-UHFFFAOYSA-N,OG5_128184,TcCLB.509563.40,"hypothetical protein, conserved"
YOR091W,Tma46p,ZVPDNRVYHLRXLX-UHFFFAOYSA-N,OG5_128184,TcCLB.503897.30,"hypothetical protein, conserved"
YER004W,Fmp52p,ONWXNHPOAGOMTG-UHFFFAOYSA-N,OG5_129406,TcCLB.509611.50,"hypothetical protein, conserved"
YER004W,Fmp52p,ONWXNHPOAGOMTG-UHFFFAOYSA-N,OG5_129406,TcCLB.508567.40,"hypothetical protein, conserved"
YDR011W,ATP-binding cassette transporter SNQ2,ZVPDNRVYHLRXLX-UHFFFAOYSA-N,OG5_126574,TcCLB.507681.100,"ATP-binding cassette protein, putative"
YDR011W,ATP-binding cassette transporter SNQ2,ZVPDNRVYHLRXLX-UHFFFAOYSA-N,OG5_126574,TcCLB.506579.10,"ABC transporter, putative"
YNL110C,Nop15p,ONWXNHPOAGOMTG-UHFFFAOYSA-N,OG5_128388,TcCLB.508989.30,"RNA-binding protein, putative"
YNL110C,Nop15p,ONWXNHPOAGOMTG-UHFFFAOYSA-N,OG5_128388,TcCLB.509569.120,"RNA-binding protein, putative"
YNL241C,glucose-6-phosphate dehydrogenase ,JWBOIMRXGHLCPP-UHFFFAOYSA-N,OG5_127121,TcCLB.509287.50,"glucose-6-phosphate 1-dehydrogenase, putative"
YBL087C,ribosomal 60S subunit protein L23A,PVNIIMVLHYAWGP-UHFFFAOYSA-N,OG5_126678,TcCLB.508461.490,"60S ribosomal protein L23, putative"
YBL087C,ribosomal 60S subunit protein L23A,PVNIIMVLHYAWGP-UHFFFAOYSA-N,OG5_126678,TcCLB.508461.480,"60S ribosomal protein L23, putative"
YBR084C-A,ribosomal 60S subunit protein L19A,NESRXFGQJARQNM-OWYFMNJBSA-N,OG5_126940,TcCLB.508175.309,"60S ribosomal protein L19, putative"
YBR084C-A,ribosomal 60S subunit protein L19A,NESRXFGQJARQNM-OWYFMNJBSA-N,OG5_126940,TcCLB.508175.329,"60S ribosomal protein L19, putative"
YBR084C-A,ribosomal 60S subunit protein L19A,NESRXFGQJARQNM-OWYFMNJBSA-N,OG5_126940,TcCLB.509149.40,"60S ribosomal protein L19, putative"
YBR084C-A,ribosomal 60S subunit protein L19A,NESRXFGQJARQNM-OWYFMNJBSA-N,OG5_126940,TcCLB.509149.60,"60S ribosomal protein L19, putative"
YBR154C,DNA-directed RNA polymerase core subunit RPB5,FVMVBNZVDHMILW-UHFFFAOYSA-N,OG5_127455,TcCLB.511277.20,"DNA-directed RNA polymerase II/III subunit, putative"
YBR154C,DNA-directed RNA polymerase core subunit RPB5,FVMVBNZVDHMILW-UHFFFAOYSA-N,OG5_127455,TcCLB.506357.90,"DNA-directed RNA polymerase II/III subunit, putative"
YBR191W,ribosomal 60S subunit protein L21A,PVNIIMVLHYAWGP-UHFFFAOYSA-N,OG5_126766,TcCLB.506405.149,"ribosomal protein L21E (60S), putative"
YBR191W,ribosomal 60S subunit protein L21A,PVNIIMVLHYAWGP-UHFFFAOYSA-N,OG5_126766,TcCLB.507251.20,"ribosomal protein L21E (60S), putative"
YDL075W,ribosomal 60S subunit protein L31A,FIVPIPIDMRVLAY-RBJBARPLSA-N,OG5_126907,TcCLB.510663.19,"60S ribosomal subunit protein L31, putative"
YDL075W,ribosomal 60S subunit protein L31A,FIVPIPIDMRVLAY-RBJBARPLSA-N,OG5_126907,TcCLB.510663.30,"60S ribosomal subunit protein L31, putative"
YDL075W,ribosomal 60S subunit protein L31A,FIVPIPIDMRVLAY-RBJBARPLSA-N,OG5_126907,TcCLB.510737.70,"60S ribosomal subunit protein L31, putative"
YDL075W,ribosomal 60S subunit protein L31A,FIVPIPIDMRVLAY-RBJBARPLSA-N,OG5_126907,TcCLB.510737.79,"60S ribosomal subunit protein L31, putative"
YDL082W,ribosomal 60S subunit protein L13A,MBABOKRGFJTBAE-UHFFFAOYSA-N,OG5_127128,TcCLB.508153.280,"60S ribosomal protein L13, putative"
YDL082W,ribosomal 60S subunit protein L13A,MBABOKRGFJTBAE-UHFFFAOYSA-N,OG5_127128,TcCLB.510323.30,"60S ribosomal protein L13, putative"
YDL082W,ribosomal 60S subunit protein L13A,MBABOKRGFJTBAE-UHFFFAOYSA-N,OG5_127128,TcCLB.508153.290,"60S ribosomal protein L13, putative"
YDL191W,ribosomal 60S subunit protein L35A,NESRXFGQJARQNM-OWYFMNJBSA-N,OG5_127176,TcCLB.509979.95,"60S ribosomal protein L35, putative"
YDL191W,ribosomal 60S subunit protein L35A,NESRXFGQJARQNM-OWYFMNJBSA-N,OG5_127176,TcCLB.510039.90,"60S ribosomal protein L35, putative"
YDL191W,ribosomal 60S subunit protein L35A,NESRXFGQJARQNM-OWYFMNJBSA-N,OG5_127176,TcCLB.509979.90,"60S ribosomal protein L35, putative"
YDR280W,exosome non-catalytic core subunit RRP45,OTKJDMGTUTTYMP-QZTJIDSGSA-N,OG5_126882,TcCLB.511825.260,"ribosomal RNA processing protein 45, putative"
YDR280W,exosome non-catalytic core subunit RRP45,OTKJDMGTUTTYMP-QZTJIDSGSA-N,OG5_126882,TcCLB.506863.50,"ribosomal RNA processing protein 45, putative"
YEL054C,ribosomal 60S subunit protein L12A,NESRXFGQJARQNM-OWYFMNJBSA-N,OG5_127022,TcCLB.504037.30,"60S ribosomal protein L12, putative"
YEL054C,ribosomal 60S subunit protein L12A,NESRXFGQJARQNM-OWYFMNJBSA-N,OG5_127022,TcCLB.508413.44,"60S ribosomal protein L12, putative"
YEL054C,ribosomal 60S subunit protein L12A,NESRXFGQJARQNM-OWYFMNJBSA-N,OG5_127022,TcCLB.511071.171,"60S ribosomal protein L12, putative"
YEL054C,ribosomal 60S subunit protein L12A,NESRXFGQJARQNM-OWYFMNJBSA-N,OG5_127022,TcCLB.510755.129,"60S ribosomal protein L12, putative"
YGR209C,thioredoxin TRX2,BCEHBSKCWLPMDN-MGPLVRAMSA-N,OG5_126613,TcCLB.504797.40,"thioredoxin, putative"
YGR209C,thioredoxin TRX2,BCEHBSKCWLPMDN-MGPLVRAMSA-N,OG5_126613,TcCLB.511577.83,"thioredoxin, putative"
YGR209C,thioredoxin TRX2,FIVPIPIDMRVLAY-RBJBARPLSA-N,OG5_126613,TcCLB.504797.40,"thioredoxin, putative"
YGR209C,thioredoxin TRX2,FIVPIPIDMRVLAY-RBJBARPLSA-N,OG5_126613,TcCLB.511577.83,"thioredoxin, putative"
YHR007C,sterol 14-demethylase ,BCEHBSKCWLPMDN-MGPLVRAMSA-N,OG5_129288,TcCLB.510101.50,Lanosterol 14-alpha demethylase
YHR007C,sterol 14-demethylase ,BCEHBSKCWLPMDN-MGPLVRAMSA-N,OG5_129288,TcCLB.506297.260,Lanosterol 14-alpha demethylase
YHR010W,ribosomal 60S subunit protein L27A,OQJADHLOEAOIGC-NOHGZBONSA-N,OG5_127262,TcCLB.511545.20,"ribosomal protein L27, putative"
YHR010W,ribosomal 60S subunit protein L27A,OQJADHLOEAOIGC-NOHGZBONSA-N,OG5_127262,TcCLB.506817.30,"ribosomal protein L27, putative"
YHR010W,ribosomal 60S subunit protein L27A,OQJADHLOEAOIGC-NOHGZBONSA-N,OG5_127262,TcCLB.506817.50,"ribosomal protein L27, putative"
YHR010W,ribosomal 60S subunit protein L27A,OQJADHLOEAOIGC-NOHGZBONSA-N,OG5_127262,TcCLB.511545.40,"ribosomal protein L27, putative"
YHR170W,ribosome-binding protein NMD3,NESRXFGQJARQNM-OWYFMNJBSA-N,OG5_127754,TcCLB.503843.10,"NMD3 family, putative"
YHR170W,ribosome-binding protein NMD3,NESRXFGQJARQNM-OWYFMNJBSA-N,OG5_127754,TcCLB.506729.90,"NMD3 family, putative"
YIL018W,ribosomal 60S subunit protein L2B,PVNIIMVLHYAWGP-UHFFFAOYSA-N,OG5_126641,TcCLB.508299.60,"60S ribosomal protein L8, putative"
YIL018W,ribosomal 60S subunit protein L2B,PVNIIMVLHYAWGP-UHFFFAOYSA-N,OG5_126641,TcCLB.511181.100,"60S ribosomal protein L2, putative"
YIL018W,ribosomal 60S subunit protein L2B,PVNIIMVLHYAWGP-UHFFFAOYSA-N,OG5_126641,TcCLB.511527.34,"60S ribosomal protein L2, putative"
YIL021W,DNA-directed RNA polymerase II core subunit RPB3,BCEHBSKCWLPMDN-MGPLVRAMSA-N,OG5_127622,TcCLB.508409.30,"DNA-directed RNA polymerase II subunit 3, putative"
YIL021W,DNA-directed RNA polymerase II core subunit RPB3,MBABOKRGFJTBAE-UHFFFAOYSA-N,OG5_127622,TcCLB.508409.30,"DNA-directed RNA polymerase II subunit 3, putative"
YIL021W,DNA-directed RNA polymerase II core subunit RPB3,FVMVBNZVDHMILW-UHFFFAOYSA-N,OG5_127622,TcCLB.508409.30,"DNA-directed RNA polymerase II subunit 3, putative"
YJL050W,ATP-dependent RNA helicase MTR4 ,BCEHBSKCWLPMDN-MGPLVRAMSA-N,OG5_127259,TcCLB.510105.9,"ATP-dependent DEAD/H RNA helicase, putative"
YJL111W,Cct7p,FIVPIPIDMRVLAY-RBJBARPLSA-N,OG5_127782,TcCLB.508461.410,"T-complex protein 1, eta subunit, putative"
YJR007W,translation initiation factor eIF2 subunit alpha,FIVPIPIDMRVLAY-RBJBARPLSA-N,OG5_127433,TcCLB.508153.730,Eukaryotic translation initiation factor 2 subunit alpha
YJR007W,translation initiation factor eIF2 subunit alpha,FIVPIPIDMRVLAY-RBJBARPLSA-N,OG5_127433,TcCLB.506693.4,Eukaryotic translation initiation factor 2 subunit alpha
YKL006W,ribosomal 60S subunit protein L14A,FVMVBNZVDHMILW-UHFFFAOYSA-N,OG5_127132,TcCLB.506937.30,"60S ribosomal protein L14, putative"
YKL006W,ribosomal 60S subunit protein L14A,FVMVBNZVDHMILW-UHFFFAOYSA-N,OG5_127132,TcCLB.506861.30,"60S ribosomal protein L14, putative"
YKL006W,ribosomal 60S subunit protein L14A,FVMVBNZVDHMILW-UHFFFAOYSA-N,OG5_127132,TcCLB.510437.20,"60S ribosomal protein L14, putative"
YKL006W,ribosomal 60S subunit protein L14A,FVMVBNZVDHMILW-UHFFFAOYSA-N,OG5_127132,TcCLB.511825.200,"60S ribosomal protein L14, putative"
YLR118C,palmitoyl-(protein) hydrolase ,NESRXFGQJARQNM-OWYFMNJBSA-N,OG5_127329,TcCLB.511907.50,"lysophospholipase, putative"
YLR118C,palmitoyl-(protein) hydrolase ,NESRXFGQJARQNM-OWYFMNJBSA-N,OG5_127329,TcCLB.506797.70,"lysophospholipase, putative"
YLR118C,palmitoyl-(protein) hydrolase ,PVNIIMVLHYAWGP-UHFFFAOYSA-N,OG5_127329,TcCLB.511907.50,"lysophospholipase, putative"
YLR118C,palmitoyl-(protein) hydrolase ,PVNIIMVLHYAWGP-UHFFFAOYSA-N,OG5_127329,TcCLB.506797.70,"lysophospholipase, putative"
YMR142C,ribosomal 60S subunit protein L13B,PVNIIMVLHYAWGP-UHFFFAOYSA-N,OG5_127128,TcCLB.508153.280,"60S ribosomal protein L13, putative"
YMR142C,ribosomal 60S subunit protein L13B,PVNIIMVLHYAWGP-UHFFFAOYSA-N,OG5_127128,TcCLB.510323.30,"60S ribosomal protein L13, putative"
YMR142C,ribosomal 60S subunit protein L13B,PVNIIMVLHYAWGP-UHFFFAOYSA-N,OG5_127128,TcCLB.508153.290,"60S ribosomal protein L13, putative"
YMR143W,ribosomal 40S subunit protein S16A,NESRXFGQJARQNM-OWYFMNJBSA-N,OG5_126930,TcCLB.507513.60,"40S ribosomal protein S16, putative"
YMR143W,ribosomal 40S subunit protein S16A,NESRXFGQJARQNM-OWYFMNJBSA-N,OG5_126930,TcCLB.503899.30,"40S ribosomal protein S16, putative"
YMR143W,ribosomal 40S subunit protein S16A,NESRXFGQJARQNM-OWYFMNJBSA-N,OG5_126930,TcCLB.507513.70,"40S ribosomal protein S16, putative"
YMR143W,ribosomal 40S subunit protein S16A,NESRXFGQJARQNM-OWYFMNJBSA-N,OG5_126930,TcCLB.503899.20,"40S ribosomal protein S16, putative"
YMR242C,ribosomal 60S subunit protein L20A,NESRXFGQJARQNM-OWYFMNJBSA-N,OG5_127130,TcCLB.511001.120,"60S ribosomal protein L18a, putative"
YMR242C,ribosomal 60S subunit protein L20A,NESRXFGQJARQNM-OWYFMNJBSA-N,OG5_127130,TcCLB.506957.90,"60S ribosomal protein L18a, putative"
YMR242C,ribosomal 60S subunit protein L20A,NESRXFGQJARQNM-OWYFMNJBSA-N,OG5_127130,TcCLB.511727.129,"ribosomal protein L18, putative"
YMR242C,ribosomal 60S subunit protein L20A,MBABOKRGFJTBAE-UHFFFAOYSA-N,OG5_127130,TcCLB.511001.120,"60S ribosomal protein L18a, putative"
YMR242C,ribosomal 60S subunit protein L20A,MBABOKRGFJTBAE-UHFFFAOYSA-N,OG5_127130,TcCLB.506957.90,"60S ribosomal protein L18a, putative"
YMR242C,ribosomal 60S subunit protein L20A,MBABOKRGFJTBAE-UHFFFAOYSA-N,OG5_127130,TcCLB.511727.129,"ribosomal protein L18, putative"
YMR284W,Yku70p ,OQJADHLOEAOIGC-NOHGZBONSA-N,OG5_129086,TcCLB.504121.10,"KU70 protein, putative"
YMR284W,Yku70p ,OQJADHLOEAOIGC-NOHGZBONSA-N,OG5_129086,TcCLB.503643.10,"KU70 protein, putative"
YMR309C,Nip1p,PVNIIMVLHYAWGP-UHFFFAOYSA-N,OG5_127970,TcCLB.507611.310,eukaryotic translation initiation factor 3 subunit c
YMR309C,Nip1p,PVNIIMVLHYAWGP-UHFFFAOYSA-N,OG5_127970,TcCLB.507723.130,eukaryotic translation initiation factor 3 subunit c
YNL069C,ribosomal 60S subunit protein L16B,BCEHBSKCWLPMDN-MGPLVRAMSA-N,OG5_126957,TcCLB.506315.50,"60S ribosomal protein L13a, putative"
YNL069C,ribosomal 60S subunit protein L16B,BCEHBSKCWLPMDN-MGPLVRAMSA-N,OG5_126957,TcCLB.506201.20,"60S ribosomal protein L13a, putative"
YNL069C,ribosomal 60S subunit protein L16B,BCEHBSKCWLPMDN-MGPLVRAMSA-N,OG5_126957,TcCLB.506739.150,"60S ribosomal protein L13a, putative"
YNL069C,ribosomal 60S subunit protein L16B,BCEHBSKCWLPMDN-MGPLVRAMSA-N,OG5_126957,TcCLB.507673.20,"60S ribosomal protein L13a, putative"
YNL069C,ribosomal 60S subunit protein L16B,FIVPIPIDMRVLAY-RBJBARPLSA-N,OG5_126957,TcCLB.506315.50,"60S ribosomal protein L13a, putative"
YNL069C,ribosomal 60S subunit protein L16B,FIVPIPIDMRVLAY-RBJBARPLSA-N,OG5_126957,TcCLB.506201.20,"60S ribosomal protein L13a, putative"
YNL069C,ribosomal 60S subunit protein L16B,FIVPIPIDMRVLAY-RBJBARPLSA-N,OG5_126957,TcCLB.506739.150,"60S ribosomal protein L13a, putative"
YNL069C,ribosomal 60S subunit protein L16B,FIVPIPIDMRVLAY-RBJBARPLSA-N,OG5_126957,TcCLB.507673.20,"60S ribosomal protein L13a, putative"
YNL169C,phosphatidylserine decarboxylase 1 ,OTKJDMGTUTTYMP-QZTJIDSGSA-N,OG5_128421,TcCLB.407335.9,"phosphatidylserine decarboxylase, putative"
YNL169C,phosphatidylserine decarboxylase 1 ,OTKJDMGTUTTYMP-QZTJIDSGSA-N,OG5_128421,TcCLB.509551.149,"phosphatidylserine decarboxylase, putative"
YNL169C,phosphatidylserine decarboxylase 1 ,OTKJDMGTUTTYMP-QZTJIDSGSA-N,OG5_128421,TcCLB.508459.18,"phosphatidylserine decarboxylase, putative"
YNL178W,ribosomal 40S subunit protein S3,PVNIIMVLHYAWGP-UHFFFAOYSA-N,OG5_126820,TcCLB.507677.39,"40S ribosomal protein S3, putative"
YNL178W,ribosomal 40S subunit protein S3,PVNIIMVLHYAWGP-UHFFFAOYSA-N,OG5_126820,TcCLB.430605.29,"40S ribosomal protein S3, putative"
YNL178W,ribosomal 40S subunit protein S3,PVNIIMVLHYAWGP-UHFFFAOYSA-N,OG5_126820,TcCLB.504021.109,"40S ribosomal protein S3, putative"
YNL178W,ribosomal 40S subunit protein S3,PVNIIMVLHYAWGP-UHFFFAOYSA-N,OG5_126820,TcCLB.509353.30,"40S ribosomal protein S3, putative"
YNL223W,Atg4p ,PVNIIMVLHYAWGP-UHFFFAOYSA-N,OG5_127111,TcCLB.511527.50,"AUT2/APG4/ATG4 cysteine peptidase, putative"
YOL120C,ribosomal 60S subunit protein L18A,NESRXFGQJARQNM-OWYFMNJBSA-N,OG5_127236,TcCLB.504147.20,"60S ribosomal protein L18, putative"
YOL120C,ribosomal 60S subunit protein L18A,NESRXFGQJARQNM-OWYFMNJBSA-N,OG5_127236,TcCLB.506181.50,"60S ribosomal protein L18, putative"
YOL120C,ribosomal 60S subunit protein L18A,NESRXFGQJARQNM-OWYFMNJBSA-N,OG5_127236,TcCLB.503395.40,"60S ribosomal protein L18, putative"
YOL127W,ribosomal 60S subunit protein L25,MBABOKRGFJTBAE-UHFFFAOYSA-N,OG5_126659,TcCLB.508175.146,"60S ribosomal protein L23a, putative"
YOL127W,ribosomal 60S subunit protein L25,MBABOKRGFJTBAE-UHFFFAOYSA-N,OG5_126659,TcCLB.509151.140,"60S ribosomal protein L23a, putative"
YOL127W,ribosomal 60S subunit protein L25,OTKJDMGTUTTYMP-QZTJIDSGSA-N,OG5_126659,TcCLB.508175.146,"60S ribosomal protein L23a, putative"
YOL127W,ribosomal 60S subunit protein L25,OTKJDMGTUTTYMP-QZTJIDSGSA-N,OG5_126659,TcCLB.509151.140,"60S ribosomal protein L23a, putative"
YOL127W,ribosomal 60S subunit protein L25,FVMVBNZVDHMILW-UHFFFAOYSA-N,OG5_126659,TcCLB.508175.146,"60S ribosomal protein L23a, putative"
YOL127W,ribosomal 60S subunit protein L25,FVMVBNZVDHMILW-UHFFFAOYSA-N,OG5_126659,TcCLB.509151.140,"60S ribosomal protein L23a, putative"
YOR224C,DNA-directed RNA polymerase core subunit RPB8,NESRXFGQJARQNM-OWYFMNJBSA-N,OG5_127936,TcCLB.506933.80,"RNA polymerase B subunit RPB8, putative"
YPL131W,ribosomal 60S subunit protein L5,PVNIIMVLHYAWGP-UHFFFAOYSA-N,OG5_127090,TcCLB.510765.70,"60S ribosomal protein L5, putative"
YPL131W,ribosomal 60S subunit protein L5,PVNIIMVLHYAWGP-UHFFFAOYSA-N,OG5_127090,TcCLB.510765.60,"60S ribosomal protein L5, putative"
YPL131W,ribosomal 60S subunit protein L5,PVNIIMVLHYAWGP-UHFFFAOYSA-N,OG5_127090,TcCLB.509671.80,"60S ribosomal protein L5, putative"
YPL143W,ribosomal 60S subunit protein L33A,OTKJDMGTUTTYMP-QZTJIDSGSA-N,OG5_127072,TcCLB.506559.470,"ribosomal protein l35a, putative"
YPL178W,Cbc2p,PVNIIMVLHYAWGP-UHFFFAOYSA-N,OG5_127988,TcCLB.504071.80,"nuclear cap binding protein, putative"
YPR181C,GTPase-activating protein SEC23,SSPYSWLZOPCOLO-UHFFFAOYSA-N,OG5_127203,TcCLB.506249.20,"protein transport protein Sec23A, putative"
YPR181C,GTPase-activating protein SEC23,SSPYSWLZOPCOLO-UHFFFAOYSA-N,OG5_127203,TcCLB.508231.230,"protein transport protein Sec23A, putative"
YPR187W,DNA-directed RNA polymerase core subunit RPB6,FIVPIPIDMRVLAY-RBJBARPLSA-N,OG5_127345,TcCLB.507159.90,"DNA-directed rna polymerase II subunit, putative"
YPR187W,DNA-directed RNA polymerase core subunit RPB6,FIVPIPIDMRVLAY-RBJBARPLSA-N,OG5_127345,TcCLB.507673.65,"DNA-directed RNA polymerase subunit, putative"
YPR187W,DNA-directed RNA polymerase core subunit RPB6,FIVPIPIDMRVLAY-RBJBARPLSA-N,OG5_127345,TcCLB.507159.65,"DNA-directed RNA polymerase subunit, putative"
YPR187W,DNA-directed RNA polymerase core subunit RPB6,FIVPIPIDMRVLAY-RBJBARPLSA-N,OG5_127345,TcCLB.506199.5,"DNA-directed RNA polymerase subunit, putative"
YPR187W,DNA-directed RNA polymerase core subunit RPB6,FIVPIPIDMRVLAY-RBJBARPLSA-N,OG5_127345,TcCLB.507485.15,"DNA-directed RNA polymerase subunit, putative"
YPR187W,DNA-directed RNA polymerase core subunit RPB6,FIVPIPIDMRVLAY-RBJBARPLSA-N,OG5_127345,TcCLB.507159.44,"DNA-directed rna polymerase II subunit, putative"
YPR187W,DNA-directed RNA polymerase core subunit RPB6,FIVPIPIDMRVLAY-RBJBARPLSA-N,OG5_127345,TcCLB.507485.34,"DNA-directed RNA polymerase III subunit, putative"
YPR187W,DNA-directed RNA polymerase core subunit RPB6,OTKJDMGTUTTYMP-QZTJIDSGSA-N,OG5_127345,TcCLB.507159.90,"DNA-directed rna polymerase II subunit, putative"
YPR187W,DNA-directed RNA polymerase core subunit RPB6,OTKJDMGTUTTYMP-QZTJIDSGSA-N,OG5_127345,TcCLB.507673.65,"DNA-directed RNA polymerase subunit, putative"
YPR187W,DNA-directed RNA polymerase core subunit RPB6,OTKJDMGTUTTYMP-QZTJIDSGSA-N,OG5_127345,TcCLB.507159.65,"DNA-directed RNA polymerase subunit, putative"
YPR187W,DNA-directed RNA polymerase core subunit RPB6,OTKJDMGTUTTYMP-QZTJIDSGSA-N,OG5_127345,TcCLB.506199.5,"DNA-directed RNA polymerase subunit, putative"
YPR187W,DNA-directed RNA polymerase core subunit RPB6,OTKJDMGTUTTYMP-QZTJIDSGSA-N,OG5_127345,TcCLB.507485.15,"DNA-directed RNA polymerase subunit, putative"
YPR187W,DNA-directed RNA polymerase core subunit RPB6,OTKJDMGTUTTYMP-QZTJIDSGSA-N,OG5_127345,TcCLB.507159.44,"DNA-directed rna polymerase II subunit, putative"
YPR187W,DNA-directed RNA polymerase core subunit RPB6,OTKJDMGTUTTYMP-QZTJIDSGSA-N,OG5_127345,TcCLB.507485.34,"DNA-directed RNA polymerase III subunit, putative"
YPR187W,DNA-directed RNA polymerase core subunit RPB6,FVMVBNZVDHMILW-UHFFFAOYSA-N,OG5_127345,TcCLB.507159.90,"DNA-directed rna polymerase II subunit, putative"
YPR187W,DNA-directed RNA polymerase core subunit RPB6,FVMVBNZVDHMILW-UHFFFAOYSA-N,OG5_127345,TcCLB.507673.65,"DNA-directed RNA polymerase subunit, putative"
YPR187W,DNA-directed RNA polymerase core subunit RPB6,FVMVBNZVDHMILW-UHFFFAOYSA-N,OG5_127345,TcCLB.507159.65,"DNA-directed RNA polymerase subunit, putative"
YPR187W,DNA-directed RNA polymerase core subunit RPB6,FVMVBNZVDHMILW-UHFFFAOYSA-N,OG5_127345,TcCLB.506199.5,"DNA-directed RNA polymerase subunit, putative"
YPR187W,DNA-directed RNA polymerase core subunit RPB6,FVMVBNZVDHMILW-UHFFFAOYSA-N,OG5_127345,TcCLB.507485.15,"DNA-directed RNA polymerase subunit, putative"
YPR187W,DNA-directed RNA polymerase core subunit RPB6,FVMVBNZVDHMILW-UHFFFAOYSA-N,OG5_127345,TcCLB.507159.44,"DNA-directed rna polymerase II subunit, putative"
YPR187W,DNA-directed RNA polymerase core subunit RPB6,FVMVBNZVDHMILW-UHFFFAOYSA-N,OG5_127345,TcCLB.507485.34,"DNA-directed RNA polymerase III subunit, putative"
YNR016C,acetyl-CoA carboxylase ACC1 ,VHLNMRCAXRWHOK-UHFFFAOYSA-N,OG5_127493,TcCLB.474937.9,acetyl-CoA carboxylase
YOL077C,Brx1p,JKNIBRIKXPAWMV-UHFFFAOYSA-N,OG5_127903,TcCLB.511287.90,"ribosome biogenesis protein, putative"
YGL116W,Cdc20p,WRZFUOOSXMQGBT-UHFFFAOYSA-N,OG5_126765,TcCLB.511907.260,"cell division cycle protein 20, putative"
YOR257W,centrin,JBAVJDRYNBQMAN-UHFFFAOYSA-N,OG5_129380,TcCLB.506559.380,"centrin, putative"
YOR257W,centrin,LEIJUUNMDKBYLE-UHFFFAOYSA-N,OG5_129380,TcCLB.506559.380,"centrin, putative"
YPL160W,leucine--tRNA ligase CDC60 ,YRBKEZXQBXATGS-UHFFFAOYSA-N,OG5_127407,TcCLB.511049.40,"leucyl-tRNA synthetase, putative"
YPL160W,leucine--tRNA ligase CDC60 ,YRBKEZXQBXATGS-UHFFFAOYSA-N,OG5_127407,TcCLB.509679.9,"leucyl-tRNA synthetase, putative"
YPL160W,leucine--tRNA ligase CDC60 ,AWTHEUKNNKZNEO-UHFFFAOYSA-N,OG5_127407,TcCLB.511049.40,"leucyl-tRNA synthetase, putative"
YPL160W,leucine--tRNA ligase CDC60 ,AWTHEUKNNKZNEO-UHFFFAOYSA-N,OG5_127407,TcCLB.509679.9,"leucyl-tRNA synthetase, putative"
YPL266W,Dim1p ,WDTPYUPMJGKEMJ-UHFFFAOYSA-N,OG5_126745,TcCLB.507017.70,"ribosomal RNA adenine dimethylase family protein, putative"
YPL266W,Dim1p ,WDTPYUPMJGKEMJ-UHFFFAOYSA-N,OG5_126745,TcCLB.505807.220,"ribosomal RNA adenine dimethylase family protein, putative"
YPL266W,Dim1p ,LFLDQGMJNMZCIJ-UHFFFAOYSA-N,OG5_126745,TcCLB.507017.70,"ribosomal RNA adenine dimethylase family protein, putative"
YPL266W,Dim1p ,LFLDQGMJNMZCIJ-UHFFFAOYSA-N,OG5_126745,TcCLB.505807.220,"ribosomal RNA adenine dimethylase family protein, putative"
YPL266W,Dim1p ,ABKONMXONQQXKA-UHFFFAOYSA-N,OG5_126745,TcCLB.507017.70,"ribosomal RNA adenine dimethylase family protein, putative"
YPL266W,Dim1p ,ABKONMXONQQXKA-UHFFFAOYSA-N,OG5_126745,TcCLB.505807.220,"ribosomal RNA adenine dimethylase family protein, putative"
YHR007C,sterol 14-demethylase ,FNIJWCUPMHCILC-UHFFFAOYSA-N,OG5_129288,TcCLB.510101.50,Lanosterol 14-alpha demethylase
YHR007C,sterol 14-demethylase ,FNIJWCUPMHCILC-UHFFFAOYSA-N,OG5_129288,TcCLB.506297.260,Lanosterol 14-alpha demethylase
YHR007C,sterol 14-demethylase ,IRGCKCXHSHLSNY-UHFFFAOYSA-N,OG5_129288,TcCLB.510101.50,Lanosterol 14-alpha demethylase
YHR007C,sterol 14-demethylase ,IRGCKCXHSHLSNY-UHFFFAOYSA-N,OG5_129288,TcCLB.506297.260,Lanosterol 14-alpha demethylase
YHR007C,sterol 14-demethylase ,OZXCMYGSWXVPCA-UHFFFAOYSA-N,OG5_129288,TcCLB.510101.50,Lanosterol 14-alpha demethylase
YHR007C,sterol 14-demethylase ,OZXCMYGSWXVPCA-UHFFFAOYSA-N,OG5_129288,TcCLB.506297.260,Lanosterol 14-alpha demethylase
YHR007C,sterol 14-demethylase ,HZJKXKUJVSEEFU-UHFFFAOYSA-N,OG5_129288,TcCLB.510101.50,Lanosterol 14-alpha demethylase
YHR007C,sterol 14-demethylase ,HZJKXKUJVSEEFU-UHFFFAOYSA-N,OG5_129288,TcCLB.506297.260,Lanosterol 14-alpha demethylase
YML126C,hydroxymethylglutaryl-CoA synthase ,OKQNTQZCMNRWEL-UHFFFAOYSA-N,OG5_127526,TcCLB.511903.40,"3-hydroxy-3-methylglutaryl-CoA synthase, putative"
YML126C,hydroxymethylglutaryl-CoA synthase ,ZKEVGLUAKGKGMO-UHFFFAOYSA-N,OG5_127526,TcCLB.511903.40,"3-hydroxy-3-methylglutaryl-CoA synthase, putative"
YHR190W,bifunctional farnesyl-diphosphate farnesyltransferase/squalene synthase ,WOWFPNRGXLWOHZ-UHFFFAOYSA-N,OG5_129470,TcCLB.507897.20,"squalene synthase, putative"
YHR190W,bifunctional farnesyl-diphosphate farnesyltransferase/squalene synthase ,WOWFPNRGXLWOHZ-UHFFFAOYSA-N,OG5_129470,TcCLB.508369.20,"squalene synthase, putative"
YGR029W,Erv1p ,BWCBGYFBSVPRLL-UHFFFAOYSA-N,OG5_127535,TcCLB.430605.40,Present in the outer mitochondrial membrane proteome 4
YGR029W,Erv1p ,BWCBGYFBSVPRLL-UHFFFAOYSA-N,OG5_127535,TcCLB.509353.20,ERV/ALR sulfhydryl oxidase domain-containing protein
YGR029W,Erv1p ,BWCBGYFBSVPRLL-UHFFFAOYSA-N,OG5_127535,TcCLB.505843.49,Present in the outer mitochondrial membrane proteome 4
YLR060W,phenylalanine--tRNA ligase subunit beta ,SWFPUENXLOVPMV-UHFFFAOYSA-N,OG5_127490,TcCLB.508271.10,"phenylalanyl-tRNA synthetase, putative"
YLR060W,phenylalanine--tRNA ligase subunit beta ,SWFPUENXLOVPMV-UHFFFAOYSA-N,OG5_127490,TcCLB.506127.30,"phenylalanyl-tRNA synthetase, putative"
YGR083C,Gcd2p,RSRQDUSONVRSMB-UHFFFAOYSA-N,OG5_128137,TcCLB.510223.5,"translation initiation factor eIF2B delta subunit, putative"
YGR083C,Gcd2p,RSRQDUSONVRSMB-UHFFFAOYSA-N,OG5_128137,TcCLB.509835.20,"translation initiation factor eIF2B delta subunit, putative"
YOR168W,glutamine--tRNA ligase ,YHXZJZATPFHLGR-UHFFFAOYSA-N,OG5_127471,TcCLB.508277.160,"glutaminyl-tRNA synthetase, putative"
YJR013W,Gpi14p ,VAJCSPZKMVQIAP-UHFFFAOYSA-N,OG5_128297,TcCLB.503909.100,"mannosyltransferase, putative"
YJR013W,Gpi14p ,VAJCSPZKMVQIAP-UHFFFAOYSA-N,OG5_128297,TcCLB.511507.50,"mannosyltransferase, putative"
YJR013W,Gpi14p ,ACPOUJIDANTYHO-UHFFFAOYSA-N,OG5_128297,TcCLB.503909.100,"mannosyltransferase, putative"
YJR013W,Gpi14p ,ACPOUJIDANTYHO-UHFFFAOYSA-N,OG5_128297,TcCLB.511507.50,"mannosyltransferase, putative"
YEL034W,translation elongation factor eIF-5A,WDQPAMHFFCXSNU-UHFFFAOYSA-N,OG5_126922,TcCLB.506925.120,eukaryotic translation initiation factor 5A
YEL034W,translation elongation factor eIF-5A,WDQPAMHFFCXSNU-UHFFFAOYSA-N,OG5_126922,TcCLB.506925.130,eukaryotic translation initiation factor 5A
YDR037W,lysine--tRNA ligase KRS1 ,YMZAYLQBCODNGT-UHFFFAOYSA-N,OG5_126972,TcCLB.508971.30,"lysyl-tRNA synthetase, putative"
YGL055W,stearoyl-CoA 9-desaturase ,KFFAXWKHIJAKRD-UHFFFAOYSA-N,OG5_126939,TcCLB.426435.9,"fatty acid desaturase, putative"
YGL055W,stearoyl-CoA 9-desaturase ,KFFAXWKHIJAKRD-UHFFFAOYSA-N,OG5_126939,TcCLB.509239.10,"fatty acid desaturase, putative"
YGL055W,stearoyl-CoA 9-desaturase ,KFFAXWKHIJAKRD-UHFFFAOYSA-N,OG5_126939,TcCLB.511073.10,"fatty acid desaturase, putative"
YGL055W,stearoyl-CoA 9-desaturase ,CDKOAHRSPIYSLP-UHFFFAOYSA-N,OG5_126939,TcCLB.426435.9,"fatty acid desaturase, putative"
YGL055W,stearoyl-CoA 9-desaturase ,CDKOAHRSPIYSLP-UHFFFAOYSA-N,OG5_126939,TcCLB.509239.10,"fatty acid desaturase, putative"
YGL055W,stearoyl-CoA 9-desaturase ,CDKOAHRSPIYSLP-UHFFFAOYSA-N,OG5_126939,TcCLB.511073.10,"fatty acid desaturase, putative"
YGL055W,stearoyl-CoA 9-desaturase ,GDXZHLKFMSQXJN-UHFFFAOYSA-N,OG5_126939,TcCLB.426435.9,"fatty acid desaturase, putative"
YGL055W,stearoyl-CoA 9-desaturase ,GDXZHLKFMSQXJN-UHFFFAOYSA-N,OG5_126939,TcCLB.509239.10,"fatty acid desaturase, putative"
YGL055W,stearoyl-CoA 9-desaturase ,GDXZHLKFMSQXJN-UHFFFAOYSA-N,OG5_126939,TcCLB.511073.10,"fatty acid desaturase, putative"
YGL055W,stearoyl-CoA 9-desaturase ,BQEDMIWGPBWXJP-UHFFFAOYSA-N,OG5_126939,TcCLB.426435.9,"fatty acid desaturase, putative"
YGL055W,stearoyl-CoA 9-desaturase ,BQEDMIWGPBWXJP-UHFFFAOYSA-N,OG5_126939,TcCLB.509239.10,"fatty acid desaturase, putative"
YGL055W,stearoyl-CoA 9-desaturase ,BQEDMIWGPBWXJP-UHFFFAOYSA-N,OG5_126939,TcCLB.511073.10,"fatty acid desaturase, putative"
YGL055W,stearoyl-CoA 9-desaturase ,GDMKOCOXYTXOAP-UHFFFAOYSA-N,OG5_126939,TcCLB.426435.9,"fatty acid desaturase, putative"
YGL055W,stearoyl-CoA 9-desaturase ,GDMKOCOXYTXOAP-UHFFFAOYSA-N,OG5_126939,TcCLB.509239.10,"fatty acid desaturase, putative"
YGL055W,stearoyl-CoA 9-desaturase ,GDMKOCOXYTXOAP-UHFFFAOYSA-N,OG5_126939,TcCLB.511073.10,"fatty acid desaturase, putative"
YGL008C,H(+)-exporting P2-type ATPase PMA1 ,DMXJRHDFHFHZOF-UHFFFAOYSA-N,OG5_127253,TcCLB.506333.10,"plasma-membrane proton-efflux P-type ATPase, putative"
YGL008C,H(+)-exporting P2-type ATPase PMA1 ,DMXJRHDFHFHZOF-UHFFFAOYSA-N,OG5_127253,TcCLB.505763.19,"P-type H+-ATPase, putative"
YGL008C,H(+)-exporting P2-type ATPase PMA1 ,DMXJRHDFHFHZOF-UHFFFAOYSA-N,OG5_127253,TcCLB.510575.5,"proton motive ATPase, putative"
YGL008C,H(+)-exporting P2-type ATPase PMA1 ,DMXJRHDFHFHZOF-UHFFFAOYSA-N,OG5_127253,TcCLB.505763.10,"proton motive ATPase 1, putative"
YGL008C,H(+)-exporting P2-type ATPase PMA1 ,DMXJRHDFHFHZOF-UHFFFAOYSA-N,OG5_127253,TcCLB.506649.20,"P-type H+-ATPase, putative"
YBR002C,Rer2p ,OOXHZCGBJSGVTN-UHFFFAOYSA-N,OG5_126777,TcCLB.508173.60,"cis-prenyltransferase, putative"
YBR002C,Rer2p ,OOXHZCGBJSGVTN-UHFFFAOYSA-M,OG5_126777,TcCLB.508173.60,"cis-prenyltransferase, putative"
YBR002C,Rer2p ,AMVYIWDUIZXASU-UHFFFAOYSA-N,OG5_126777,TcCLB.508173.60,"cis-prenyltransferase, putative"
YOR207C,DNA-directed RNA polymerase III core subunit RET1 ,VECGPYYDRAAGSV-UHFFFAOYSA-N,OG5_126694,TcCLB.511417.40,"DNA-directed RNA polymerase III, putative"
YOR207C,DNA-directed RNA polymerase III core subunit RET1 ,VECGPYYDRAAGSV-UHFFFAOYSA-N,OG5_126694,TcCLB.505997.210,"DNA-directed RNA polymerase III subunit, putative"
YOR207C,DNA-directed RNA polymerase III core subunit RET1 ,UVVOTKPJEDRMFS-UHFFFAOYSA-N,OG5_126694,TcCLB.511417.40,"DNA-directed RNA polymerase III, putative"
YOR207C,DNA-directed RNA polymerase III core subunit RET1 ,UVVOTKPJEDRMFS-UHFFFAOYSA-N,OG5_126694,TcCLB.505997.210,"DNA-directed RNA polymerase III subunit, putative"
YOR207C,DNA-directed RNA polymerase III core subunit RET1 ,PQDVZUFBJUAPKM-UHFFFAOYSA-N,OG5_126694,TcCLB.511417.40,"DNA-directed RNA polymerase III, putative"
YOR207C,DNA-directed RNA polymerase III core subunit RET1 ,PQDVZUFBJUAPKM-UHFFFAOYSA-N,OG5_126694,TcCLB.505997.210,"DNA-directed RNA polymerase III subunit, putative"
YOR207C,DNA-directed RNA polymerase III core subunit RET1 ,IXGGBZXZSJGHON-UHFFFAOYSA-N,OG5_126694,TcCLB.511417.40,"DNA-directed RNA polymerase III, putative"
YOR207C,DNA-directed RNA polymerase III core subunit RET1 ,IXGGBZXZSJGHON-UHFFFAOYSA-N,OG5_126694,TcCLB.505997.210,"DNA-directed RNA polymerase III subunit, putative"
YOR207C,DNA-directed RNA polymerase III core subunit RET1 ,XUVKSPPGPPFPQN-UHFFFAOYSA-N,OG5_126694,TcCLB.511417.40,"DNA-directed RNA polymerase III, putative"
YOR207C,DNA-directed RNA polymerase III core subunit RET1 ,XUVKSPPGPPFPQN-UHFFFAOYSA-N,OG5_126694,TcCLB.505997.210,"DNA-directed RNA polymerase III subunit, putative"
YOR207C,DNA-directed RNA polymerase III core subunit RET1 ,QFVAWNPSRQWSDU-UHFFFAOYSA-N,OG5_126694,TcCLB.511417.40,"DNA-directed RNA polymerase III, putative"
YOR207C,DNA-directed RNA polymerase III core subunit RET1 ,QFVAWNPSRQWSDU-UHFFFAOYSA-N,OG5_126694,TcCLB.505997.210,"DNA-directed RNA polymerase III subunit, putative"
YOR207C,DNA-directed RNA polymerase III core subunit RET1 ,FNCOVSWSZZVFBQ-UHFFFAOYSA-N,OG5_126694,TcCLB.511417.40,"DNA-directed RNA polymerase III, putative"
YOR207C,DNA-directed RNA polymerase III core subunit RET1 ,FNCOVSWSZZVFBQ-UHFFFAOYSA-N,OG5_126694,TcCLB.505997.210,"DNA-directed RNA polymerase III subunit, putative"
YFR051C,Ret2p,GEGSSUSEWOHAFE-UHFFFAOYSA-N,OG5_127690,TcCLB.511217.140,"coatomer delta subunit, putative"
YFR051C,Ret2p,GEGSSUSEWOHAFE-UHFFFAOYSA-N,OG5_127690,TcCLB.506573.91,"coatomer delta subunit, putative"
YFR051C,Ret2p,GEGSSUSEWOHAFE-UHFFFAOYSA-N,OG5_127690,TcCLB.503581.39,"coatomer delta subunit, putative"
YBR192W,Rim2p,GNFKKJQYSSAUIR-UHFFFAOYSA-N,OG5_128577,TcCLB.510819.100,"mitochondrial carrier protein, putative"
YBR192W,Rim2p,GNFKKJQYSSAUIR-UHFFFAOYSA-N,OG5_128577,TcCLB.506739.80,"mitochondrial carrier protein, putative"
YBR192W,Rim2p,WDTPYUPMJGKEMJ-UHFFFAOYSA-N,OG5_128577,TcCLB.510819.100,"mitochondrial carrier protein, putative"
YBR192W,Rim2p,WDTPYUPMJGKEMJ-UHFFFAOYSA-N,OG5_128577,TcCLB.506739.80,"mitochondrial carrier protein, putative"
YBR192W,Rim2p,ABKONMXONQQXKA-UHFFFAOYSA-N,OG5_128577,TcCLB.510819.100,"mitochondrial carrier protein, putative"
YBR192W,Rim2p,ABKONMXONQQXKA-UHFFFAOYSA-N,OG5_128577,TcCLB.506739.80,"mitochondrial carrier protein, putative"
YBR192W,Rim2p,MJIHNNLFOKEZEW-UHFFFAOYSA-N,OG5_128577,TcCLB.510819.100,"mitochondrial carrier protein, putative"
YBR192W,Rim2p,MJIHNNLFOKEZEW-UHFFFAOYSA-N,OG5_128577,TcCLB.506739.80,"mitochondrial carrier protein, putative"
YOL127W,ribosomal 60S subunit protein L25,AIEIZIKOQAFXLM-UHFFFAOYSA-N,OG5_126659,TcCLB.508175.146,"60S ribosomal protein L23a, putative"
YOL127W,ribosomal 60S subunit protein L25,AIEIZIKOQAFXLM-UHFFFAOYSA-N,OG5_126659,TcCLB.509151.140,"60S ribosomal protein L23a, putative"
YDL140C,DNA-directed RNA polymerase II core subunit RPO21 ,JKJLETUKWLALKV-UHFFFAOYSA-N,OG5_126637,TcCLB.504105.30,"DNA-directed RNA polymerase III subunit C1, putative"
YDL140C,DNA-directed RNA polymerase II core subunit RPO21 ,JKJLETUKWLALKV-UHFFFAOYSA-N,OG5_126637,TcCLB.510685.30,"RNA polymerase IIA largest subunit, putative"
YDL140C,DNA-directed RNA polymerase II core subunit RPO21 ,JKJLETUKWLALKV-UHFFFAOYSA-N,OG5_126637,TcCLB.509011.20,"RNA polymerase IIA largest subunit, putative"
YOR116C,DNA-directed RNA polymerase III core subunit RPO31 ,FVTYVLDLZBEBQI-UHFFFAOYSA-N,OG5_126637,TcCLB.504105.30,"DNA-directed RNA polymerase III subunit C1, putative"
YOR116C,DNA-directed RNA polymerase III core subunit RPO31 ,FVTYVLDLZBEBQI-UHFFFAOYSA-N,OG5_126637,TcCLB.510685.30,"RNA polymerase IIA largest subunit, putative"
YOR116C,DNA-directed RNA polymerase III core subunit RPO31 ,FVTYVLDLZBEBQI-UHFFFAOYSA-N,OG5_126637,TcCLB.509011.20,"RNA polymerase IIA largest subunit, putative"
YOR116C,DNA-directed RNA polymerase III core subunit RPO31 ,KUQYJVRYTBTUOX-UHFFFAOYSA-N,OG5_126637,TcCLB.504105.30,"DNA-directed RNA polymerase III subunit C1, putative"
YOR116C,DNA-directed RNA polymerase III core subunit RPO31 ,KUQYJVRYTBTUOX-UHFFFAOYSA-N,OG5_126637,TcCLB.510685.30,"RNA polymerase IIA largest subunit, putative"
YOR116C,DNA-directed RNA polymerase III core subunit RPO31 ,KUQYJVRYTBTUOX-UHFFFAOYSA-N,OG5_126637,TcCLB.509011.20,"RNA polymerase IIA largest subunit, putative"
YOR116C,DNA-directed RNA polymerase III core subunit RPO31 ,XUVKSPPGPPFPQN-UHFFFAOYSA-N,OG5_126637,TcCLB.504105.30,"DNA-directed RNA polymerase III subunit C1, putative"
YOR116C,DNA-directed RNA polymerase III core subunit RPO31 ,XUVKSPPGPPFPQN-UHFFFAOYSA-N,OG5_126637,TcCLB.510685.30,"RNA polymerase IIA largest subunit, putative"
YOR116C,DNA-directed RNA polymerase III core subunit RPO31 ,XUVKSPPGPPFPQN-UHFFFAOYSA-N,OG5_126637,TcCLB.509011.20,"RNA polymerase IIA largest subunit, putative"
YLR208W,GTPase-activating protein SEC13,XRQNZEZLCWALPB-UHFFFAOYSA-N,OG5_127687,TcCLB.506525.20,protein transport protein SEC13
YLR208W,GTPase-activating protein SEC13,XRQNZEZLCWALPB-UHFFFAOYSA-N,OG5_127687,TcCLB.511283.20,protein transport protein SEC13
YLR208W,GTPase-activating protein SEC13,FPSVMWLWFSURME-UHFFFAOYSA-N,OG5_127687,TcCLB.506525.20,protein transport protein SEC13
YLR208W,GTPase-activating protein SEC13,FPSVMWLWFSURME-UHFFFAOYSA-N,OG5_127687,TcCLB.511283.20,protein transport protein SEC13
YLR208W,GTPase-activating protein SEC13,DZJNBSVRWKLBRF-UHFFFAOYSA-N,OG5_127687,TcCLB.506525.20,protein transport protein SEC13
YLR208W,GTPase-activating protein SEC13,DZJNBSVRWKLBRF-UHFFFAOYSA-N,OG5_127687,TcCLB.511283.20,protein transport protein SEC13
YLR208W,GTPase-activating protein SEC13,HWHMEAQHWRYIKO-UHFFFAOYSA-N,OG5_127687,TcCLB.506525.20,protein transport protein SEC13
YLR208W,GTPase-activating protein SEC13,HWHMEAQHWRYIKO-UHFFFAOYSA-N,OG5_127687,TcCLB.511283.20,protein transport protein SEC13
YLR208W,GTPase-activating protein SEC13,QNXWWKPUFIMGSI-UHFFFAOYSA-N,OG5_127687,TcCLB.506525.20,protein transport protein SEC13
YLR208W,GTPase-activating protein SEC13,QNXWWKPUFIMGSI-UHFFFAOYSA-N,OG5_127687,TcCLB.511283.20,protein transport protein SEC13
YLR208W,GTPase-activating protein SEC13,DMXYGCNTSRXDPP-UHFFFAOYSA-N,OG5_127687,TcCLB.506525.20,protein transport protein SEC13
YLR208W,GTPase-activating protein SEC13,DMXYGCNTSRXDPP-UHFFFAOYSA-N,OG5_127687,TcCLB.511283.20,protein transport protein SEC13
YLR208W,GTPase-activating protein SEC13,BQNPTQYYUHKFLX-UHFFFAOYSA-N,OG5_127687,TcCLB.506525.20,protein transport protein SEC13
YLR208W,GTPase-activating protein SEC13,BQNPTQYYUHKFLX-UHFFFAOYSA-N,OG5_127687,TcCLB.511283.20,protein transport protein SEC13
YLR208W,GTPase-activating protein SEC13,NMKPJBQCDRCXCE-UHFFFAOYSA-N,OG5_127687,TcCLB.506525.20,protein transport protein SEC13
YLR208W,GTPase-activating protein SEC13,NMKPJBQCDRCXCE-UHFFFAOYSA-N,OG5_127687,TcCLB.511283.20,protein transport protein SEC13
YLR208W,GTPase-activating protein SEC13,RKOOIIAURSVDRU-UHFFFAOYSA-N,OG5_127687,TcCLB.506525.20,protein transport protein SEC13
YLR208W,GTPase-activating protein SEC13,RKOOIIAURSVDRU-UHFFFAOYSA-N,OG5_127687,TcCLB.511283.20,protein transport protein SEC13
YLR208W,GTPase-activating protein SEC13,CLQPEZWMMZFTBG-UHFFFAOYSA-N,OG5_127687,TcCLB.506525.20,protein transport protein SEC13
YLR208W,GTPase-activating protein SEC13,CLQPEZWMMZFTBG-UHFFFAOYSA-N,OG5_127687,TcCLB.511283.20,protein transport protein SEC13
YLR208W,GTPase-activating protein SEC13,JJMOUYPQUNZHQG-UHFFFAOYSA-N,OG5_127687,TcCLB.506525.20,protein transport protein SEC13
YLR208W,GTPase-activating protein SEC13,JJMOUYPQUNZHQG-UHFFFAOYSA-N,OG5_127687,TcCLB.511283.20,protein transport protein SEC13
YLR208W,GTPase-activating protein SEC13,QAYGWPKQQQTWMF-UHFFFAOYSA-N,OG5_127687,TcCLB.506525.20,protein transport protein SEC13
YLR208W,GTPase-activating protein SEC13,QAYGWPKQQQTWMF-UHFFFAOYSA-N,OG5_127687,TcCLB.511283.20,protein transport protein SEC13
YLR208W,GTPase-activating protein SEC13,XZWGMKAUYXISLI-UHFFFAOYSA-N,OG5_127687,TcCLB.506525.20,protein transport protein SEC13
YLR208W,GTPase-activating protein SEC13,XZWGMKAUYXISLI-UHFFFAOYSA-N,OG5_127687,TcCLB.511283.20,protein transport protein SEC13
YLR208W,GTPase-activating protein SEC13,VKNOZIUXLYWWPZ-UHFFFAOYSA-N,OG5_127687,TcCLB.506525.20,protein transport protein SEC13
YLR208W,GTPase-activating protein SEC13,VKNOZIUXLYWWPZ-UHFFFAOYSA-N,OG5_127687,TcCLB.511283.20,protein transport protein SEC13
YLR208W,GTPase-activating protein SEC13,RHAQPESVLRVQJU-UHFFFAOYSA-N,OG5_127687,TcCLB.506525.20,protein transport protein SEC13
YLR208W,GTPase-activating protein SEC13,RHAQPESVLRVQJU-UHFFFAOYSA-N,OG5_127687,TcCLB.511283.20,protein transport protein SEC13
YLR208W,GTPase-activating protein SEC13,ZFZAIHKQJBMYLO-UHFFFAOYSA-N,OG5_127687,TcCLB.506525.20,protein transport protein SEC13
YLR208W,GTPase-activating protein SEC13,ZFZAIHKQJBMYLO-UHFFFAOYSA-N,OG5_127687,TcCLB.511283.20,protein transport protein SEC13
YNL287W,Sec21p,ZOZHRQACKWQYOW-UHFFFAOYSA-N,OG5_127608,TcCLB.511211.20,Coatomer subunit gamma
YDL195W,Sec31p,CQYPNBZMQNYREY-UHFFFAOYSA-N,OG5_127506,TcCLB.506297.290,"protein transport protein SEC31, putative"
YDL195W,Sec31p,JFTJURXXWDEBAZ-UHFFFAOYSA-N,OG5_127506,TcCLB.506297.290,"protein transport protein SEC31, putative"
YDL195W,Sec31p,HWHMEAQHWRYIKO-UHFFFAOYSA-N,OG5_127506,TcCLB.506297.290,"protein transport protein SEC31, putative"
YDL195W,Sec31p,UWPMIBVQZDSYNA-UHFFFAOYSA-N,OG5_127506,TcCLB.506297.290,"protein transport protein SEC31, putative"
YDL195W,Sec31p,SYFJSJZFNCQBDL-UHFFFAOYSA-N,OG5_127506,TcCLB.506297.290,"protein transport protein SEC31, putative"
YDL195W,Sec31p,BIUQAEAEHYMSPE-UHFFFAOYSA-N,OG5_127506,TcCLB.506297.290,"protein transport protein SEC31, putative"
YDL195W,Sec31p,ZFZAIHKQJBMYLO-UHFFFAOYSA-N,OG5_127506,TcCLB.506297.290,"protein transport protein SEC31, putative"
YDL195W,Sec31p,NANFYPCPHFMPPQ-UHFFFAOYSA-N,OG5_127506,TcCLB.506297.290,"protein transport protein SEC31, putative"
YDL195W,Sec31p,OBHVGYORQQHBKS-UHFFFAOYSA-N,OG5_127506,TcCLB.506297.290,"protein transport protein SEC31, putative"
YDL195W,Sec31p,GNMYBBZJYXAFKU-UHFFFAOYSA-N,OG5_127506,TcCLB.506297.290,"protein transport protein SEC31, putative"
YPL210C,Srp72p,NETKQGTYNFJEIM-UHFFFAOYSA-N,OG5_128517,TcCLB.508897.20,"signal recognition particle protein, putative"
YDR086C,translocon subunit SSS1,TZYWCYJVHRLUCT-UHFFFAOYSA-N,OG5_127987,TcCLB.511865.54,"protein transport protein Sec61 gamma subunit, putative"
YDR086C,translocon subunit SSS1,TZYWCYJVHRLUCT-UHFFFAOYSA-N,OG5_127987,TcCLB.511871.34,"protein transport protein Sec61 gamma subunit, putative"
YNL244C,translation initiation factor eIF1,VVZICGWYSWFPAC-UHFFFAOYSA-N,OG5_127384,TcCLB.508641.184,"Eukaryotic translation initiation factor 1, putative"
YNL244C,translation initiation factor eIF1,VVZICGWYSWFPAC-UHFFFAOYSA-N,OG5_127384,TcCLB.508515.20,"Eukaryotic translation initiation factor 1, putative"
YMR146C,translation initiation factor eIF3 subunit I,MOFCRSVSBIEORS-UHFFFAOYSA-N,OG5_127718,TcCLB.511589.230,"eukaryotic translation initiation factor 3 subunit 2, putative"
YMR146C,translation initiation factor eIF3 subunit I,MOFCRSVSBIEORS-UHFFFAOYSA-N,OG5_127718,TcCLB.511229.80,eukaryotic translation initiation factor 3 subunit i
YPR016C,translation initiation factor 6,PGFDXYAHXHIQOK-UHFFFAOYSA-N,OG5_127488,TcCLB.506679.70,"eukaryotic translation initiation factor 6 (eIF-6), putative"
YKL099C,Utp11p,WNCGDTFYTQGWJN-UHFFFAOYSA-N,OG5_128132,TcCLB.511293.40,"U3 snoRNA-associated protein UTP11, putative"
YKL099C,Utp11p,WNCGDTFYTQGWJN-UHFFFAOYSA-N,OG5_128132,TcCLB.506503.100,"U3 snoRNA-associated protein UTP11, putative"
YPL252C,Yah1p,RZUHGAKUNBFQJS-UHFFFAOYSA-N,OG5_126994,TcCLB.509011.70,"adrenodoxin precursor, putative"
YPL252C,Yah1p,RZUHGAKUNBFQJS-UHFFFAOYSA-N,OG5_126994,TcCLB.421057.10,"adrenodoxin precursor, putative"
YPL252C,Yah1p,RZUHGAKUNBFQJS-UHFFFAOYSA-N,OG5_126994,TcCLB.508879.70,"hypothetical protein, conserved"
YPL252C,Yah1p,RZUHGAKUNBFQJS-UHFFFAOYSA-N,OG5_126994,TcCLB.504575.40,"adrenodoxin precursor, putative"
YFL038C,Rab family GTPase YPT1,HUKSJTUUSUGIDC-UHFFFAOYSA-N,OG5_127310,TcCLB.503715.30,"ras-related protein RAB1A, putative"
YPR107C,Yth1p,REBZZEDLLSTDTN-UHFFFAOYSA-N,OG5_128679,TcCLB.510219.30,"cleavage and polyadenylation specificity factor 30 kDa subunit, putative"
YPR107C,Yth1p,REBZZEDLLSTDTN-UHFFFAOYSA-N,OG5_128679,TcCLB.511555.40,"cleavage and polyadenylation specificity factor 30 kDa subunit, putative"
YPR107C,Yth1p,RZTWYYBSFGCMJM-UHFFFAOYSA-N,OG5_128679,TcCLB.510219.30,"cleavage and polyadenylation specificity factor 30 kDa subunit, putative"
YPR107C,Yth1p,RZTWYYBSFGCMJM-UHFFFAOYSA-N,OG5_128679,TcCLB.511555.40,"cleavage and polyadenylation specificity factor 30 kDa subunit, putative"
YPR107C,Yth1p,KNBKVKYQCZKINX-UHFFFAOYSA-N,OG5_128679,TcCLB.510219.30,"cleavage and polyadenylation specificity factor 30 kDa subunit, putative"
YPR107C,Yth1p,KNBKVKYQCZKINX-UHFFFAOYSA-N,OG5_128679,TcCLB.511555.40,"cleavage and polyadenylation specificity factor 30 kDa subunit, putative"
YPR107C,Yth1p,RFAXLXKIAKIUDT-UHFFFAOYSA-N,OG5_128679,TcCLB.510219.30,"cleavage and polyadenylation specificity factor 30 kDa subunit, putative"
YPR107C,Yth1p,RFAXLXKIAKIUDT-UHFFFAOYSA-N,OG5_128679,TcCLB.511555.40,"cleavage and polyadenylation specificity factor 30 kDa subunit, putative"
YPR107C,Yth1p,VWWIZWZCXNZMNC-UHFFFAOYSA-N,OG5_128679,TcCLB.510219.30,"cleavage and polyadenylation specificity factor 30 kDa subunit, putative"
YPR107C,Yth1p,VWWIZWZCXNZMNC-UHFFFAOYSA-N,OG5_128679,TcCLB.511555.40,"cleavage and polyadenylation specificity factor 30 kDa subunit, putative"
YPR107C,Yth1p,GFHVBGYRIRAULC-UHFFFAOYSA-N,OG5_128679,TcCLB.510219.30,"cleavage and polyadenylation specificity factor 30 kDa subunit, putative"
YPR107C,Yth1p,GFHVBGYRIRAULC-UHFFFAOYSA-N,OG5_128679,TcCLB.511555.40,"cleavage and polyadenylation specificity factor 30 kDa subunit, putative"
YPR107C,Yth1p,UEGRKCDZZNYZHY-UHFFFAOYSA-N,OG5_128679,TcCLB.510219.30,"cleavage and polyadenylation specificity factor 30 kDa subunit, putative"
YPR107C,Yth1p,UEGRKCDZZNYZHY-UHFFFAOYSA-N,OG5_128679,TcCLB.511555.40,"cleavage and polyadenylation specificity factor 30 kDa subunit, putative"
YPR107C,Yth1p,MDMVOODOQUVIFZ-UHFFFAOYSA-N,OG5_128679,TcCLB.510219.30,"cleavage and polyadenylation specificity factor 30 kDa subunit, putative"
YPR107C,Yth1p,MDMVOODOQUVIFZ-UHFFFAOYSA-N,OG5_128679,TcCLB.511555.40,"cleavage and polyadenylation specificity factor 30 kDa subunit, putative"
YDR226W,adenylate kinase ADK1 ,HYSCLYSSJBEBLQ-UHFFFAOYSA-N,OG5_126762,TcCLB.506195.80,"adenylate kinase, putative"
YDR226W,adenylate kinase ADK1 ,HYSCLYSSJBEBLQ-UHFFFAOYSA-N,OG5_126762,TcCLB.507883.80,"adenylate kinase, putative"
YDR226W,adenylate kinase ADK1 ,HYSCLYSSJBEBLQ-UHFFFAOYSA-N,OG5_126762,TcCLB.503479.30,adenylate kinase 1
YDR226W,adenylate kinase ADK1 ,HYSCLYSSJBEBLQ-UHFFFAOYSA-N,OG5_126762,TcCLB.506855.180,"adenylate kinase, putative"
YDR226W,adenylate kinase ADK1 ,HTGMGFJTVHNOND-UHFFFAOYSA-N,OG5_126762,TcCLB.506195.80,"adenylate kinase, putative"
YDR226W,adenylate kinase ADK1 ,HTGMGFJTVHNOND-UHFFFAOYSA-N,OG5_126762,TcCLB.507883.80,"adenylate kinase, putative"
YDR226W,adenylate kinase ADK1 ,HTGMGFJTVHNOND-UHFFFAOYSA-N,OG5_126762,TcCLB.503479.30,adenylate kinase 1
YDR226W,adenylate kinase ADK1 ,HTGMGFJTVHNOND-UHFFFAOYSA-N,OG5_126762,TcCLB.506855.180,"adenylate kinase, putative"
YDR226W,adenylate kinase ADK1 ,PRNSUJCXOCSNAQ-UHFFFAOYSA-N,OG5_126762,TcCLB.506195.80,"adenylate kinase, putative"
YDR226W,adenylate kinase ADK1 ,PRNSUJCXOCSNAQ-UHFFFAOYSA-N,OG5_126762,TcCLB.507883.80,"adenylate kinase, putative"
YDR226W,adenylate kinase ADK1 ,PRNSUJCXOCSNAQ-UHFFFAOYSA-N,OG5_126762,TcCLB.503479.30,adenylate kinase 1
YDR226W,adenylate kinase ADK1 ,PRNSUJCXOCSNAQ-UHFFFAOYSA-N,OG5_126762,TcCLB.506855.180,"adenylate kinase, putative"
YDR226W,adenylate kinase ADK1 ,QZOLMPHZKRWIEW-UHFFFAOYSA-N,OG5_126762,TcCLB.506195.80,"adenylate kinase, putative"
YDR226W,adenylate kinase ADK1 ,QZOLMPHZKRWIEW-UHFFFAOYSA-N,OG5_126762,TcCLB.507883.80,"adenylate kinase, putative"
YDR226W,adenylate kinase ADK1 ,QZOLMPHZKRWIEW-UHFFFAOYSA-N,OG5_126762,TcCLB.503479.30,adenylate kinase 1
YDR226W,adenylate kinase ADK1 ,QZOLMPHZKRWIEW-UHFFFAOYSA-N,OG5_126762,TcCLB.506855.180,"adenylate kinase, putative"
YDR226W,adenylate kinase ADK1 ,AGANOYHGGFJXIW-UHFFFAOYSA-N,OG5_126762,TcCLB.506195.80,"adenylate kinase, putative"
YDR226W,adenylate kinase ADK1 ,AGANOYHGGFJXIW-UHFFFAOYSA-N,OG5_126762,TcCLB.507883.80,"adenylate kinase, putative"
YDR226W,adenylate kinase ADK1 ,AGANOYHGGFJXIW-UHFFFAOYSA-N,OG5_126762,TcCLB.503479.30,adenylate kinase 1
YDR226W,adenylate kinase ADK1 ,AGANOYHGGFJXIW-UHFFFAOYSA-N,OG5_126762,TcCLB.506855.180,"adenylate kinase, putative"
YDR226W,adenylate kinase ADK1 ,PBBJKSIIODQGSY-UHFFFAOYSA-N,OG5_126762,TcCLB.506195.80,"adenylate kinase, putative"
YDR226W,adenylate kinase ADK1 ,PBBJKSIIODQGSY-UHFFFAOYSA-N,OG5_126762,TcCLB.507883.80,"adenylate kinase, putative"
YDR226W,adenylate kinase ADK1 ,PBBJKSIIODQGSY-UHFFFAOYSA-N,OG5_126762,TcCLB.503479.30,adenylate kinase 1
YDR226W,adenylate kinase ADK1 ,PBBJKSIIODQGSY-UHFFFAOYSA-N,OG5_126762,TcCLB.506855.180,"adenylate kinase, putative"
YBR160W,cyclin-dependent serine/threonine-protein kinase CDC28 ,HTGMGFJTVHNOND-UHFFFAOYSA-N,OG5_126712,TcCLB.509695.190,cdc2-related kinase 1
YBR160W,cyclin-dependent serine/threonine-protein kinase CDC28 ,HTGMGFJTVHNOND-UHFFFAOYSA-N,OG5_126712,TcCLB.506583.40,cdc2-related kinase 3
YBR160W,cyclin-dependent serine/threonine-protein kinase CDC28 ,HTGMGFJTVHNOND-UHFFFAOYSA-N,OG5_126712,TcCLB.506677.20,cdc2-related kinase 3
YBR160W,cyclin-dependent serine/threonine-protein kinase CDC28 ,HTGMGFJTVHNOND-UHFFFAOYSA-N,OG5_126712,TcCLB.504181.40,cdc2-related kinase 1
YBR160W,cyclin-dependent serine/threonine-protein kinase CDC28 ,AGANOYHGGFJXIW-UHFFFAOYSA-N,OG5_126712,TcCLB.509695.190,cdc2-related kinase 1
YBR160W,cyclin-dependent serine/threonine-protein kinase CDC28 ,AGANOYHGGFJXIW-UHFFFAOYSA-N,OG5_126712,TcCLB.506583.40,cdc2-related kinase 3
YBR160W,cyclin-dependent serine/threonine-protein kinase CDC28 ,AGANOYHGGFJXIW-UHFFFAOYSA-N,OG5_126712,TcCLB.506677.20,cdc2-related kinase 3
YBR160W,cyclin-dependent serine/threonine-protein kinase CDC28 ,AGANOYHGGFJXIW-UHFFFAOYSA-N,OG5_126712,TcCLB.504181.40,cdc2-related kinase 1
YMR001C,polo kinase CDC5 ,HTGMGFJTVHNOND-UHFFFAOYSA-N,OG5_127396,TcCLB.506513.160,"polo-like protein kinase, putative"
YMR001C,polo kinase CDC5 ,HTGMGFJTVHNOND-UHFFFAOYSA-N,OG5_127396,TcCLB.508917.10,"polo-like protein kinase, putative"
YDL132W,cullin CDC53,HYSCLYSSJBEBLQ-UHFFFAOYSA-N,OG5_127557,TcCLB.511075.40,"cullin, putative"
YDL132W,cullin CDC53,PBBJKSIIODQGSY-UHFFFAOYSA-N,OG5_127557,TcCLB.511075.40,"cullin, putative"
YDL132W,cullin CDC53,WHGCQPQZQBCMTM-UHFFFAOYSA-N,OG5_127557,TcCLB.511075.40,"cullin, putative"
YBR135W,Cks1p,HYSCLYSSJBEBLQ-UHFFFAOYSA-N,OG5_127469,TcCLB.425969.9,"cyclin-dependent kinases regulatory subunit, putative"
YBR135W,Cks1p,HYSCLYSSJBEBLQ-UHFFFAOYSA-N,OG5_127469,TcCLB.511529.68,"cyclin-dependent kinases regulatory subunit, putative"
YBR135W,Cks1p,HTGMGFJTVHNOND-UHFFFAOYSA-N,OG5_127469,TcCLB.425969.9,"cyclin-dependent kinases regulatory subunit, putative"
YBR135W,Cks1p,HTGMGFJTVHNOND-UHFFFAOYSA-N,OG5_127469,TcCLB.511529.68,"cyclin-dependent kinases regulatory subunit, putative"
YBR135W,Cks1p,YUXDGVQAVUZOSI-UHFFFAOYSA-N,OG5_127469,TcCLB.425969.9,"cyclin-dependent kinases regulatory subunit, putative"
YBR135W,Cks1p,YUXDGVQAVUZOSI-UHFFFAOYSA-N,OG5_127469,TcCLB.511529.68,"cyclin-dependent kinases regulatory subunit, putative"
YPL209C,aurora kinase ,HYSCLYSSJBEBLQ-UHFFFAOYSA-N,OG5_127024,TcCLB.508817.80,"aurora B kinase, putative"
YPL209C,aurora kinase ,HTGMGFJTVHNOND-UHFFFAOYSA-N,OG5_127024,TcCLB.508817.80,"aurora B kinase, putative"
YPL209C,aurora kinase ,QZOLMPHZKRWIEW-UHFFFAOYSA-N,OG5_127024,TcCLB.508817.80,"aurora B kinase, putative"
YPL209C,aurora kinase ,ZNSDCNJMPKNYLO-UHFFFAOYSA-N,OG5_127024,TcCLB.508817.80,"aurora B kinase, putative"
YGR040W,mitogen-activated serine/threonine-protein kinase KSS1 ,AWXMZETVMGXGAP-UHFFFAOYSA-N,OG5_126781,TcCLB.511837.70,"mitogen-activated protein kinase 11, putative"
YGR040W,mitogen-activated serine/threonine-protein kinase KSS1 ,AWXMZETVMGXGAP-UHFFFAOYSA-N,OG5_126781,TcCLB.511299.70,"mitogen activated protein kinase 2, putative"
YGR040W,mitogen-activated serine/threonine-protein kinase KSS1 ,AWXMZETVMGXGAP-UHFFFAOYSA-N,OG5_126781,TcCLB.510123.20,"mitogen-activated protein kinase 11, putative"
YGR040W,mitogen-activated serine/threonine-protein kinase KSS1 ,AWXMZETVMGXGAP-UHFFFAOYSA-N,OG5_126781,TcCLB.506483.69,"mitogen activated protein kinase 4, putative"
YGR040W,mitogen-activated serine/threonine-protein kinase KSS1 ,YUXDGVQAVUZOSI-UHFFFAOYSA-N,OG5_126781,TcCLB.511837.70,"mitogen-activated protein kinase 11, putative"
YGR040W,mitogen-activated serine/threonine-protein kinase KSS1 ,YUXDGVQAVUZOSI-UHFFFAOYSA-N,OG5_126781,TcCLB.511299.70,"mitogen activated protein kinase 2, putative"
YGR040W,mitogen-activated serine/threonine-protein kinase KSS1 ,YUXDGVQAVUZOSI-UHFFFAOYSA-N,OG5_126781,TcCLB.510123.20,"mitogen-activated protein kinase 11, putative"
YGR040W,mitogen-activated serine/threonine-protein kinase KSS1 ,YUXDGVQAVUZOSI-UHFFFAOYSA-N,OG5_126781,TcCLB.506483.69,"mitogen activated protein kinase 4, putative"
YGR040W,mitogen-activated serine/threonine-protein kinase KSS1 ,PBBJKSIIODQGSY-UHFFFAOYSA-N,OG5_126781,TcCLB.511837.70,"mitogen-activated protein kinase 11, putative"
YGR040W,mitogen-activated serine/threonine-protein kinase KSS1 ,PBBJKSIIODQGSY-UHFFFAOYSA-N,OG5_126781,TcCLB.511299.70,"mitogen activated protein kinase 2, putative"
YGR040W,mitogen-activated serine/threonine-protein kinase KSS1 ,PBBJKSIIODQGSY-UHFFFAOYSA-N,OG5_126781,TcCLB.510123.20,"mitogen-activated protein kinase 11, putative"
YGR040W,mitogen-activated serine/threonine-protein kinase KSS1 ,PBBJKSIIODQGSY-UHFFFAOYSA-N,OG5_126781,TcCLB.506483.69,"mitogen activated protein kinase 4, putative"
YPL031C,cyclin-dependent serine/threonine-protein kinase PHO85 ,AWXMZETVMGXGAP-UHFFFAOYSA-N,OG5_126712,TcCLB.509695.190,cdc2-related kinase 1
YPL031C,cyclin-dependent serine/threonine-protein kinase PHO85 ,AWXMZETVMGXGAP-UHFFFAOYSA-N,OG5_126712,TcCLB.506583.40,cdc2-related kinase 3
YPL031C,cyclin-dependent serine/threonine-protein kinase PHO85 ,AWXMZETVMGXGAP-UHFFFAOYSA-N,OG5_126712,TcCLB.506677.20,cdc2-related kinase 3
YPL031C,cyclin-dependent serine/threonine-protein kinase PHO85 ,AWXMZETVMGXGAP-UHFFFAOYSA-N,OG5_126712,TcCLB.504181.40,cdc2-related kinase 1
YPL031C,cyclin-dependent serine/threonine-protein kinase PHO85 ,YUXDGVQAVUZOSI-UHFFFAOYSA-N,OG5_126712,TcCLB.509695.190,cdc2-related kinase 1
YPL031C,cyclin-dependent serine/threonine-protein kinase PHO85 ,YUXDGVQAVUZOSI-UHFFFAOYSA-N,OG5_126712,TcCLB.506583.40,cdc2-related kinase 3
YPL031C,cyclin-dependent serine/threonine-protein kinase PHO85 ,YUXDGVQAVUZOSI-UHFFFAOYSA-N,OG5_126712,TcCLB.506677.20,cdc2-related kinase 3
YPL031C,cyclin-dependent serine/threonine-protein kinase PHO85 ,YUXDGVQAVUZOSI-UHFFFAOYSA-N,OG5_126712,TcCLB.504181.40,cdc2-related kinase 1
YPL031C,cyclin-dependent serine/threonine-protein kinase PHO85 ,WHGCQPQZQBCMTM-UHFFFAOYSA-N,OG5_126712,TcCLB.509695.190,cdc2-related kinase 1
YPL031C,cyclin-dependent serine/threonine-protein kinase PHO85 ,WHGCQPQZQBCMTM-UHFFFAOYSA-N,OG5_126712,TcCLB.506583.40,cdc2-related kinase 3
YPL031C,cyclin-dependent serine/threonine-protein kinase PHO85 ,WHGCQPQZQBCMTM-UHFFFAOYSA-N,OG5_126712,TcCLB.506677.20,cdc2-related kinase 3
YPL031C,cyclin-dependent serine/threonine-protein kinase PHO85 ,WHGCQPQZQBCMTM-UHFFFAOYSA-N,OG5_126712,TcCLB.504181.40,cdc2-related kinase 1
YNL207W,Rio2p ,AWXMZETVMGXGAP-UHFFFAOYSA-N,OG5_127684,TcCLB.511753.70,"serine/threonine protein kinase RIO2, putative"
YNL207W,Rio2p ,AWXMZETVMGXGAP-UHFFFAOYSA-N,OG5_127684,TcCLB.507021.10,"serine/threonine protein kinase RIO2, putative"
YNL207W,Rio2p ,PRNSUJCXOCSNAQ-UHFFFAOYSA-N,OG5_127684,TcCLB.511753.70,"serine/threonine protein kinase RIO2, putative"
YNL207W,Rio2p ,PRNSUJCXOCSNAQ-UHFFFAOYSA-N,OG5_127684,TcCLB.507021.10,"serine/threonine protein kinase RIO2, putative"
YKL203C,phosphatidylinositol kinase-related protein kinase TOR2 ,AWXMZETVMGXGAP-UHFFFAOYSA-N,OG5_127212,TcCLB.510689.40,Phosphatidylinositol 3-kinase tor2
YKL203C,phosphatidylinositol kinase-related protein kinase TOR2 ,AWXMZETVMGXGAP-UHFFFAOYSA-N,OG5_127212,TcCLB.508231.30,Phosphatidylinositol 3-kinase tor1
YKL203C,phosphatidylinositol kinase-related protein kinase TOR2 ,PRNSUJCXOCSNAQ-UHFFFAOYSA-N,OG5_127212,TcCLB.510689.40,Phosphatidylinositol 3-kinase tor2
YKL203C,phosphatidylinositol kinase-related protein kinase TOR2 ,PRNSUJCXOCSNAQ-UHFFFAOYSA-N,OG5_127212,TcCLB.508231.30,Phosphatidylinositol 3-kinase tor1
YKL203C,phosphatidylinositol kinase-related protein kinase TOR2 ,YUXDGVQAVUZOSI-UHFFFAOYSA-N,OG5_127212,TcCLB.510689.40,Phosphatidylinositol 3-kinase tor2
YKL203C,phosphatidylinositol kinase-related protein kinase TOR2 ,YUXDGVQAVUZOSI-UHFFFAOYSA-N,OG5_127212,TcCLB.508231.30,Phosphatidylinositol 3-kinase tor1
YKL203C,phosphatidylinositol kinase-related protein kinase TOR2 ,PBBJKSIIODQGSY-UHFFFAOYSA-N,OG5_127212,TcCLB.510689.40,Phosphatidylinositol 3-kinase tor2
YKL203C,phosphatidylinositol kinase-related protein kinase TOR2 ,PBBJKSIIODQGSY-UHFFFAOYSA-N,OG5_127212,TcCLB.508231.30,Phosphatidylinositol 3-kinase tor1
YML094W,Gim5p,SPZONVFTRMLCCV-UHFFFAOYSA-N,OG5_127820,TcCLB.511815.60,"prefoldin, putative"
YML094W,Gim5p,SPZONVFTRMLCCV-UHFFFAOYSA-N,OG5_127820,TcCLB.506859.90,"prefoldin, putative"
YML094W,Gim5p,SXJDCULZDFWMJC-UHFFFAOYSA-N,OG5_127820,TcCLB.511815.60,"prefoldin, putative"
YML094W,Gim5p,SXJDCULZDFWMJC-UHFFFAOYSA-N,OG5_127820,TcCLB.506859.90,"prefoldin, putative"
YML094W,Gim5p,NWIYVZZDWHHYGV-UHFFFAOYSA-N,OG5_127820,TcCLB.511815.60,"prefoldin, putative"
YML094W,Gim5p,NWIYVZZDWHHYGV-UHFFFAOYSA-N,OG5_127820,TcCLB.506859.90,"prefoldin, putative"
YML094W,Gim5p,WJVMYNBFRCUZMS-UHFFFAOYSA-N,OG5_127820,TcCLB.511815.60,"prefoldin, putative"
YML094W,Gim5p,WJVMYNBFRCUZMS-UHFFFAOYSA-N,OG5_127820,TcCLB.506859.90,"prefoldin, putative"
YML094W,Gim5p,SNXRLTPQEPXSJN-UHFFFAOYSA-N,OG5_127820,TcCLB.511815.60,"prefoldin, putative"
YML094W,Gim5p,SNXRLTPQEPXSJN-UHFFFAOYSA-N,OG5_127820,TcCLB.506859.90,"prefoldin, putative"
YML094W,Gim5p,HAVQQQCFUHSSCA-UHFFFAOYSA-N,OG5_127820,TcCLB.511815.60,"prefoldin, putative"
YML094W,Gim5p,HAVQQQCFUHSSCA-UHFFFAOYSA-N,OG5_127820,TcCLB.506859.90,"prefoldin, putative"
YML094W,Gim5p,FNTJGBKHWFZRNH-UHFFFAOYSA-N,OG5_127820,TcCLB.511815.60,"prefoldin, putative"
YML094W,Gim5p,FNTJGBKHWFZRNH-UHFFFAOYSA-N,OG5_127820,TcCLB.506859.90,"prefoldin, putative"
YML094W,Gim5p,USTXKTNMOIJROV-UHFFFAOYSA-N,OG5_127820,TcCLB.511815.60,"prefoldin, putative"
YML094W,Gim5p,USTXKTNMOIJROV-UHFFFAOYSA-N,OG5_127820,TcCLB.506859.90,"prefoldin, putative"
YML094W,Gim5p,CAKDFYCKKHUXEV-UHFFFAOYSA-N,OG5_127820,TcCLB.511815.60,"prefoldin, putative"
YML094W,Gim5p,CAKDFYCKKHUXEV-UHFFFAOYSA-N,OG5_127820,TcCLB.506859.90,"prefoldin, putative"
YML094W,Gim5p,ULBJILHSWMGASA-UHFFFAOYSA-N,OG5_127820,TcCLB.511815.60,"prefoldin, putative"
YML094W,Gim5p,ULBJILHSWMGASA-UHFFFAOYSA-N,OG5_127820,TcCLB.506859.90,"prefoldin, putative"
YML094W,Gim5p,FODLURNKDTZRPK-UHFFFAOYSA-N,OG5_127820,TcCLB.511815.60,"prefoldin, putative"
YML094W,Gim5p,FODLURNKDTZRPK-UHFFFAOYSA-N,OG5_127820,TcCLB.506859.90,"prefoldin, putative"
YML094W,Gim5p,LXQOUYOUHAILDC-UHFFFAOYSA-N,OG5_127820,TcCLB.511815.60,"prefoldin, putative"
YML094W,Gim5p,LXQOUYOUHAILDC-UHFFFAOYSA-N,OG5_127820,TcCLB.506859.90,"prefoldin, putative"
YML094W,Gim5p,VRVJCYXJYKDOLE-UHFFFAOYSA-N,OG5_127820,TcCLB.511815.60,"prefoldin, putative"
YML094W,Gim5p,VRVJCYXJYKDOLE-UHFFFAOYSA-N,OG5_127820,TcCLB.506859.90,"prefoldin, putative"
YML094W,Gim5p,QRTVQOCXVYUFQB-UHFFFAOYSA-N,OG5_127820,TcCLB.511815.60,"prefoldin, putative"
YML094W,Gim5p,QRTVQOCXVYUFQB-UHFFFAOYSA-N,OG5_127820,TcCLB.506859.90,"prefoldin, putative"
YML094W,Gim5p,OVXJLMSGAWNRMC-UHFFFAOYSA-N,OG5_127820,TcCLB.511815.60,"prefoldin, putative"
YML094W,Gim5p,OVXJLMSGAWNRMC-UHFFFAOYSA-N,OG5_127820,TcCLB.506859.90,"prefoldin, putative"
YML094W,Gim5p,MUADWFSXXPVRAV-UHFFFAOYSA-N,OG5_127820,TcCLB.511815.60,"prefoldin, putative"
YML094W,Gim5p,MUADWFSXXPVRAV-UHFFFAOYSA-N,OG5_127820,TcCLB.506859.90,"prefoldin, putative"
YML094W,Gim5p,NPMKXWZWYDSBOE-UHFFFAOYSA-N,OG5_127820,TcCLB.511815.60,"prefoldin, putative"
YML094W,Gim5p,NPMKXWZWYDSBOE-UHFFFAOYSA-N,OG5_127820,TcCLB.506859.90,"prefoldin, putative"
YML094W,Gim5p,MWLWIHNJMRZSMD-UHFFFAOYSA-N,OG5_127820,TcCLB.511815.60,"prefoldin, putative"
YML094W,Gim5p,MWLWIHNJMRZSMD-UHFFFAOYSA-N,OG5_127820,TcCLB.506859.90,"prefoldin, putative"
YML094W,Gim5p,HZEJVUGMOKXEAK-UHFFFAOYSA-N,OG5_127820,TcCLB.511815.60,"prefoldin, putative"
YML094W,Gim5p,HZEJVUGMOKXEAK-UHFFFAOYSA-N,OG5_127820,TcCLB.506859.90,"prefoldin, putative"
YML094W,Gim5p,NACMZLGGHMPMKQ-UHFFFAOYSA-N,OG5_127820,TcCLB.511815.60,"prefoldin, putative"
YML094W,Gim5p,NACMZLGGHMPMKQ-UHFFFAOYSA-N,OG5_127820,TcCLB.506859.90,"prefoldin, putative"
YML094W,Gim5p,NWLDMUAWNQLFOL-UHFFFAOYSA-N,OG5_127820,TcCLB.511815.60,"prefoldin, putative"
YML094W,Gim5p,NWLDMUAWNQLFOL-UHFFFAOYSA-N,OG5_127820,TcCLB.506859.90,"prefoldin, putative"
YML094W,Gim5p,WYBQVELTNLULLT-UHFFFAOYSA-N,OG5_127820,TcCLB.511815.60,"prefoldin, putative"
YML094W,Gim5p,WYBQVELTNLULLT-UHFFFAOYSA-N,OG5_127820,TcCLB.506859.90,"prefoldin, putative"
YML094W,Gim5p,AUFBUFJSMWPMLU-UHFFFAOYSA-N,OG5_127820,TcCLB.511815.60,"prefoldin, putative"
YML094W,Gim5p,AUFBUFJSMWPMLU-UHFFFAOYSA-N,OG5_127820,TcCLB.506859.90,"prefoldin, putative"
YML094W,Gim5p,CPWMOTDLIBPEFB-UHFFFAOYSA-N,OG5_127820,TcCLB.511815.60,"prefoldin, putative"
YML094W,Gim5p,CPWMOTDLIBPEFB-UHFFFAOYSA-N,OG5_127820,TcCLB.506859.90,"prefoldin, putative"
YML094W,Gim5p,GFNNBHLJANVSQV-UHFFFAOYSA-N,OG5_127820,TcCLB.511815.60,"prefoldin, putative"
YML094W,Gim5p,GFNNBHLJANVSQV-UHFFFAOYSA-N,OG5_127820,TcCLB.506859.90,"prefoldin, putative"
YML094W,Gim5p,KHSPTYRGZYCPIY-UHFFFAOYSA-N,OG5_127820,TcCLB.511815.60,"prefoldin, putative"
YML094W,Gim5p,KHSPTYRGZYCPIY-UHFFFAOYSA-N,OG5_127820,TcCLB.506859.90,"prefoldin, putative"
YML094W,Gim5p,FBVMBKURYFZUDE-UHFFFAOYSA-N,OG5_127820,TcCLB.511815.60,"prefoldin, putative"
YML094W,Gim5p,FBVMBKURYFZUDE-UHFFFAOYSA-N,OG5_127820,TcCLB.506859.90,"prefoldin, putative"
YML094W,Gim5p,KBZUEXLGDZQZNG-UHFFFAOYSA-N,OG5_127820,TcCLB.511815.60,"prefoldin, putative"
YML094W,Gim5p,KBZUEXLGDZQZNG-UHFFFAOYSA-N,OG5_127820,TcCLB.506859.90,"prefoldin, putative"
YML094W,Gim5p,RQMFVTNNPMZLGA-UHFFFAOYSA-N,OG5_127820,TcCLB.511815.60,"prefoldin, putative"
YML094W,Gim5p,RQMFVTNNPMZLGA-UHFFFAOYSA-N,OG5_127820,TcCLB.506859.90,"prefoldin, putative"
YML094W,Gim5p,GERHNZJKBJVPGZ-UHFFFAOYSA-N,OG5_127820,TcCLB.511815.60,"prefoldin, putative"
YML094W,Gim5p,GERHNZJKBJVPGZ-UHFFFAOYSA-N,OG5_127820,TcCLB.506859.90,"prefoldin, putative"
YML094W,Gim5p,RWFPSUKDYYBMHU-UHFFFAOYSA-N,OG5_127820,TcCLB.511815.60,"prefoldin, putative"
YML094W,Gim5p,RWFPSUKDYYBMHU-UHFFFAOYSA-N,OG5_127820,TcCLB.506859.90,"prefoldin, putative"
YML094W,Gim5p,OKZXZCBIZAMFCW-UHFFFAOYSA-N,OG5_127820,TcCLB.511815.60,"prefoldin, putative"
YML094W,Gim5p,OKZXZCBIZAMFCW-UHFFFAOYSA-N,OG5_127820,TcCLB.506859.90,"prefoldin, putative"
YML094W,Gim5p,FTTWIBPHZKRBSQ-UHFFFAOYSA-N,OG5_127820,TcCLB.511815.60,"prefoldin, putative"
YML094W,Gim5p,FTTWIBPHZKRBSQ-UHFFFAOYSA-N,OG5_127820,TcCLB.506859.90,"prefoldin, putative"
YML094W,Gim5p,MVPYRNAORCHANT-UHFFFAOYSA-N,OG5_127820,TcCLB.511815.60,"prefoldin, putative"
YML094W,Gim5p,MVPYRNAORCHANT-UHFFFAOYSA-N,OG5_127820,TcCLB.506859.90,"prefoldin, putative"
YML094W,Gim5p,KDWADCDCAPDAQP-UHFFFAOYSA-N,OG5_127820,TcCLB.511815.60,"prefoldin, putative"
YML094W,Gim5p,KDWADCDCAPDAQP-UHFFFAOYSA-N,OG5_127820,TcCLB.506859.90,"prefoldin, putative"
YML094W,Gim5p,BOJQCACSULZWNH-UHFFFAOYSA-N,OG5_127820,TcCLB.511815.60,"prefoldin, putative"
YML094W,Gim5p,BOJQCACSULZWNH-UHFFFAOYSA-N,OG5_127820,TcCLB.506859.90,"prefoldin, putative"
YML094W,Gim5p,RQJZRYQANFTPKN-UHFFFAOYSA-N,OG5_127820,TcCLB.511815.60,"prefoldin, putative"
YML094W,Gim5p,RQJZRYQANFTPKN-UHFFFAOYSA-N,OG5_127820,TcCLB.506859.90,"prefoldin, putative"
YML094W,Gim5p,WWSQSFQSJIQZHV-UHFFFAOYSA-N,OG5_127820,TcCLB.511815.60,"prefoldin, putative"
YML094W,Gim5p,WWSQSFQSJIQZHV-UHFFFAOYSA-N,OG5_127820,TcCLB.506859.90,"prefoldin, putative"
YML094W,Gim5p,LEHADPXDCMZLNN-UHFFFAOYSA-N,OG5_127820,TcCLB.511815.60,"prefoldin, putative"
YML094W,Gim5p,LEHADPXDCMZLNN-UHFFFAOYSA-N,OG5_127820,TcCLB.506859.90,"prefoldin, putative"
YML094W,Gim5p,QSTYIDFMCLHHCL-UHFFFAOYSA-N,OG5_127820,TcCLB.511815.60,"prefoldin, putative"
YML094W,Gim5p,QSTYIDFMCLHHCL-UHFFFAOYSA-N,OG5_127820,TcCLB.506859.90,"prefoldin, putative"
YML094W,Gim5p,XILPEJDYRWRWLF-UHFFFAOYSA-N,OG5_127820,TcCLB.511815.60,"prefoldin, putative"
YML094W,Gim5p,XILPEJDYRWRWLF-UHFFFAOYSA-N,OG5_127820,TcCLB.506859.90,"prefoldin, putative"
YML094W,Gim5p,PHDCQCLUKJDFOY-UHFFFAOYSA-N,OG5_127820,TcCLB.511815.60,"prefoldin, putative"
YML094W,Gim5p,PHDCQCLUKJDFOY-UHFFFAOYSA-N,OG5_127820,TcCLB.506859.90,"prefoldin, putative"
YML094W,Gim5p,GVRAGWKCKYOGKM-UHFFFAOYSA-N,OG5_127820,TcCLB.511815.60,"prefoldin, putative"
YML094W,Gim5p,GVRAGWKCKYOGKM-UHFFFAOYSA-N,OG5_127820,TcCLB.506859.90,"prefoldin, putative"
YML094W,Gim5p,RKQQOWLIGPREBW-UHFFFAOYSA-N,OG5_127820,TcCLB.511815.60,"prefoldin, putative"
YML094W,Gim5p,RKQQOWLIGPREBW-UHFFFAOYSA-N,OG5_127820,TcCLB.506859.90,"prefoldin, putative"
YML094W,Gim5p,DZWBLASOPXXFIW-UHFFFAOYSA-N,OG5_127820,TcCLB.511815.60,"prefoldin, putative"
YML094W,Gim5p,DZWBLASOPXXFIW-UHFFFAOYSA-N,OG5_127820,TcCLB.506859.90,"prefoldin, putative"
YML094W,Gim5p,ZNKMEDRTTCAOSU-UHFFFAOYSA-N,OG5_127820,TcCLB.511815.60,"prefoldin, putative"
YML094W,Gim5p,ZNKMEDRTTCAOSU-UHFFFAOYSA-N,OG5_127820,TcCLB.506859.90,"prefoldin, putative"
YML094W,Gim5p,VZSVQFRJVKPHIZ-UHFFFAOYSA-N,OG5_127820,TcCLB.511815.60,"prefoldin, putative"
YML094W,Gim5p,VZSVQFRJVKPHIZ-UHFFFAOYSA-N,OG5_127820,TcCLB.506859.90,"prefoldin, putative"
YML094W,Gim5p,NBGJQLYCARZIDN-UHFFFAOYSA-N,OG5_127820,TcCLB.511815.60,"prefoldin, putative"
YML094W,Gim5p,NBGJQLYCARZIDN-UHFFFAOYSA-N,OG5_127820,TcCLB.506859.90,"prefoldin, putative"
YML094W,Gim5p,PNBLAGJAUXZQTL-UHFFFAOYSA-N,OG5_127820,TcCLB.511815.60,"prefoldin, putative"
YML094W,Gim5p,PNBLAGJAUXZQTL-UHFFFAOYSA-N,OG5_127820,TcCLB.506859.90,"prefoldin, putative"
YML094W,Gim5p,BKAANBKJVSFFBZ-UHFFFAOYSA-N,OG5_127820,TcCLB.511815.60,"prefoldin, putative"
YML094W,Gim5p,BKAANBKJVSFFBZ-UHFFFAOYSA-N,OG5_127820,TcCLB.506859.90,"prefoldin, putative"
YML094W,Gim5p,MJVUEFYJNVJWNW-UHFFFAOYSA-N,OG5_127820,TcCLB.511815.60,"prefoldin, putative"
YML094W,Gim5p,MJVUEFYJNVJWNW-UHFFFAOYSA-N,OG5_127820,TcCLB.506859.90,"prefoldin, putative"
YML094W,Gim5p,NZYMPIGYJXJCMV-UHFFFAOYSA-N,OG5_127820,TcCLB.511815.60,"prefoldin, putative"
YML094W,Gim5p,NZYMPIGYJXJCMV-UHFFFAOYSA-N,OG5_127820,TcCLB.506859.90,"prefoldin, putative"
YML094W,Gim5p,HYGPOYRIGOMNSV-UHFFFAOYSA-N,OG5_127820,TcCLB.511815.60,"prefoldin, putative"
YML094W,Gim5p,HYGPOYRIGOMNSV-UHFFFAOYSA-N,OG5_127820,TcCLB.506859.90,"prefoldin, putative"
YML094W,Gim5p,BIYZVXHFNNODHD-UHFFFAOYSA-N,OG5_127820,TcCLB.511815.60,"prefoldin, putative"
YML094W,Gim5p,BIYZVXHFNNODHD-UHFFFAOYSA-N,OG5_127820,TcCLB.506859.90,"prefoldin, putative"
YML094W,Gim5p,UQGDADWCJLDNJT-UHFFFAOYSA-N,OG5_127820,TcCLB.511815.60,"prefoldin, putative"
YML094W,Gim5p,UQGDADWCJLDNJT-UHFFFAOYSA-N,OG5_127820,TcCLB.506859.90,"prefoldin, putative"
YML094W,Gim5p,PUZDZERWWISKMQ-UHFFFAOYSA-N,OG5_127820,TcCLB.511815.60,"prefoldin, putative"
YML094W,Gim5p,PUZDZERWWISKMQ-UHFFFAOYSA-N,OG5_127820,TcCLB.506859.90,"prefoldin, putative"
YML094W,Gim5p,HOOXMKJYQNXIIY-UHFFFAOYSA-N,OG5_127820,TcCLB.511815.60,"prefoldin, putative"
YML094W,Gim5p,HOOXMKJYQNXIIY-UHFFFAOYSA-N,OG5_127820,TcCLB.506859.90,"prefoldin, putative"
YML094W,Gim5p,YSZAZEPYQPEATB-UHFFFAOYSA-N,OG5_127820,TcCLB.511815.60,"prefoldin, putative"
YML094W,Gim5p,YSZAZEPYQPEATB-UHFFFAOYSA-N,OG5_127820,TcCLB.506859.90,"prefoldin, putative"
YML094W,Gim5p,OXEISWMILONJCX-UHFFFAOYSA-N,OG5_127820,TcCLB.511815.60,"prefoldin, putative"
YML094W,Gim5p,OXEISWMILONJCX-UHFFFAOYSA-N,OG5_127820,TcCLB.506859.90,"prefoldin, putative"
YML094W,Gim5p,NWPGZYRPTJGBPI-UHFFFAOYSA-N,OG5_127820,TcCLB.511815.60,"prefoldin, putative"
YML094W,Gim5p,NWPGZYRPTJGBPI-UHFFFAOYSA-N,OG5_127820,TcCLB.506859.90,"prefoldin, putative"
YPR119W,Clb2p,RRAFCDWBNXTKKO-UHFFFAOYSA-N,OG5_126649,TcCLB.506711.30,"cyclin, putative"
YPR119W,Clb2p,RRAFCDWBNXTKKO-UHFFFAOYSA-N,OG5_126649,TcCLB.509455.140,"cyclin, putative"
YPR119W,Clb2p,RRAFCDWBNXTKKO-UHFFFAOYSA-N,OG5_126649,TcCLB.507089.260,"CYC2-like cyclin, putative"
YPR119W,Clb2p,RRAFCDWBNXTKKO-UHFFFAOYSA-N,OG5_126649,TcCLB.511025.120,"cyclin 6, putative"
YPR119W,Clb2p,FNWNGQGTFICQJU-UHFFFAOYSA-N,OG5_126649,TcCLB.506711.30,"cyclin, putative"
YPR119W,Clb2p,FNWNGQGTFICQJU-UHFFFAOYSA-N,OG5_126649,TcCLB.509455.140,"cyclin, putative"
YPR119W,Clb2p,FNWNGQGTFICQJU-UHFFFAOYSA-N,OG5_126649,TcCLB.507089.260,"CYC2-like cyclin, putative"
YPR119W,Clb2p,FNWNGQGTFICQJU-UHFFFAOYSA-N,OG5_126649,TcCLB.511025.120,"cyclin 6, putative"
YPR119W,Clb2p,WBSMIPAMAXNXFS-UHFFFAOYSA-N,OG5_126649,TcCLB.506711.30,"cyclin, putative"
YPR119W,Clb2p,WBSMIPAMAXNXFS-UHFFFAOYSA-N,OG5_126649,TcCLB.509455.140,"cyclin, putative"
YPR119W,Clb2p,WBSMIPAMAXNXFS-UHFFFAOYSA-N,OG5_126649,TcCLB.507089.260,"CYC2-like cyclin, putative"
YPR119W,Clb2p,WBSMIPAMAXNXFS-UHFFFAOYSA-N,OG5_126649,TcCLB.511025.120,"cyclin 6, putative"
YOL012C,histone H2AZ,UVBLDLGZDSGCSN-UHFFFAOYSA-N,OG5_127916,TcCLB.511323.40,histone H2A variant Z
YOL012C,histone H2AZ,CAGLGYNQQSIUGX-UHFFFAOYSA-N,OG5_127916,TcCLB.511323.40,histone H2A variant Z
YOL012C,histone H2AZ,YYLQUHNPNCGKJQ-UHFFFAOYSA-N,OG5_127916,TcCLB.511323.40,histone H2A variant Z
YOL012C,histone H2AZ,QHGUCRYDKWKLMG-UHFFFAOYSA-N,OG5_127916,TcCLB.511323.40,histone H2A variant Z
YOL012C,histone H2AZ,RQQJJXVETXFINY-UHFFFAOYSA-N,OG5_127916,TcCLB.511323.40,histone H2A variant Z
YOL012C,histone H2AZ,NLZUEZXRPGMBCV-UHFFFAOYSA-N,OG5_127916,TcCLB.511323.40,histone H2A variant Z
YPR141C,Kar3p,RRAFCDWBNXTKKO-UHFFFAOYSA-N,OG5_126975,TcCLB.506211.114,"C-terminal motor kinesin, putative"
YPR141C,Kar3p,RRAFCDWBNXTKKO-UHFFFAOYSA-N,OG5_126975,TcCLB.510901.50,"C-terminal motor kinesin, putative"
YPR141C,Kar3p,NRDWUPPIGBHWAS-UHFFFAOYSA-N,OG5_126975,TcCLB.506211.114,"C-terminal motor kinesin, putative"
YPR141C,Kar3p,NRDWUPPIGBHWAS-UHFFFAOYSA-N,OG5_126975,TcCLB.510901.50,"C-terminal motor kinesin, putative"
YPR141C,Kar3p,RZVAJINKPMORJF-UHFFFAOYSA-N,OG5_126975,TcCLB.506211.114,"C-terminal motor kinesin, putative"
YPR141C,Kar3p,RZVAJINKPMORJF-UHFFFAOYSA-N,OG5_126975,TcCLB.510901.50,"C-terminal motor kinesin, putative"
YPR141C,Kar3p,OIPILFWXSMYKGL-UHFFFAOYSA-N,OG5_126975,TcCLB.506211.114,"C-terminal motor kinesin, putative"
YPR141C,Kar3p,OIPILFWXSMYKGL-UHFFFAOYSA-N,OG5_126975,TcCLB.510901.50,"C-terminal motor kinesin, putative"
YPR141C,Kar3p,DCOPUUMXTXDBNB-UHFFFAOYSA-M,OG5_126975,TcCLB.506211.114,"C-terminal motor kinesin, putative"
YPR141C,Kar3p,DCOPUUMXTXDBNB-UHFFFAOYSA-M,OG5_126975,TcCLB.510901.50,"C-terminal motor kinesin, putative"
YPR141C,Kar3p,AVOLMBLBETYQHX-UHFFFAOYSA-N,OG5_126975,TcCLB.506211.114,"C-terminal motor kinesin, putative"
YPR141C,Kar3p,AVOLMBLBETYQHX-UHFFFAOYSA-N,OG5_126975,TcCLB.510901.50,"C-terminal motor kinesin, putative"
YPR141C,Kar3p,NIJJYAXOARWZEE-UHFFFAOYSA-M,OG5_126975,TcCLB.506211.114,"C-terminal motor kinesin, putative"
YPR141C,Kar3p,NIJJYAXOARWZEE-UHFFFAOYSA-M,OG5_126975,TcCLB.510901.50,"C-terminal motor kinesin, putative"
YPR141C,Kar3p,OBKXEAXTFZPCHS-UHFFFAOYSA-N,OG5_126975,TcCLB.506211.114,"C-terminal motor kinesin, putative"
YPR141C,Kar3p,OBKXEAXTFZPCHS-UHFFFAOYSA-N,OG5_126975,TcCLB.510901.50,"C-terminal motor kinesin, putative"
YPR141C,Kar3p,FNWNGQGTFICQJU-UHFFFAOYSA-N,OG5_126975,TcCLB.506211.114,"C-terminal motor kinesin, putative"
YPR141C,Kar3p,FNWNGQGTFICQJU-UHFFFAOYSA-N,OG5_126975,TcCLB.510901.50,"C-terminal motor kinesin, putative"
YPR141C,Kar3p,WBSMIPAMAXNXFS-UHFFFAOYSA-N,OG5_126975,TcCLB.506211.114,"C-terminal motor kinesin, putative"
YPR141C,Kar3p,WBSMIPAMAXNXFS-UHFFFAOYSA-N,OG5_126975,TcCLB.510901.50,"C-terminal motor kinesin, putative"
YNL067W,ribosomal 60S subunit protein L9B,CWJSHJJYOPWUGX-UHFFFAOYSA-N,OG5_126993,TcCLB.506835.30,"60S ribosomal protein L9, putative"
YNL067W,ribosomal 60S subunit protein L9B,CWJSHJJYOPWUGX-UHFFFAOYSA-N,OG5_126993,TcCLB.509695.170,"60S ribosomal protein L9, putative"
YNL067W,ribosomal 60S subunit protein L9B,CWJSHJJYOPWUGX-UHFFFAOYSA-N,OG5_126993,TcCLB.504181.10,"60S ribosomal protein L9, putative"
YNL067W,ribosomal 60S subunit protein L9B,CWJSHJJYOPWUGX-UHFFFAOYSA-N,OG5_126993,TcCLB.511729.40,"60S ribosomal protein L9, putative"
YKR026C,translation initiation factor eIF2B subunit alpha,YFAGHNZHGGCZAX-UHFFFAOYSA-M,OG5_127805,TcCLB.509429.90,"translation initiation factor EIF-2b alpha subunit, putative"
YKR026C,translation initiation factor eIF2B subunit alpha,YFAGHNZHGGCZAX-UHFFFAOYSA-M,OG5_127805,TcCLB.507603.20,"translation initiation factor EIF-2b alpha subunit, putative"
YPL240C,Hsp90 family chaperone HSP82,FEBNTWHYQKGEIQ-UHFFFAOYSA-N,OG5_126623,TcCLB.506989.190,"heat shock protein 90, putative"
YPL240C,Hsp90 family chaperone HSP82,FEBNTWHYQKGEIQ-UHFFFAOYSA-N,OG5_126623,TcCLB.509643.139,"Heat shock protein 83, putative"
YPL240C,Hsp90 family chaperone HSP82,FEBNTWHYQKGEIQ-UHFFFAOYSA-N,OG5_126623,TcCLB.509105.140,"heat shock protein 85, putative"
YPL240C,Hsp90 family chaperone HSP82,FEBNTWHYQKGEIQ-UHFFFAOYSA-N,OG5_126623,TcCLB.506591.4,"heat shock protein 90, putative"
YPL240C,Hsp90 family chaperone HSP82,FEBNTWHYQKGEIQ-UHFFFAOYSA-N,OG5_126623,TcCLB.509643.130,"heat shock protein 85, putative"
YPL240C,Hsp90 family chaperone HSP82,FEBNTWHYQKGEIQ-UHFFFAOYSA-N,OG5_126623,TcCLB.509105.150,"heat shock protein 85, putative"
YPL240C,Hsp90 family chaperone HSP82,FEBNTWHYQKGEIQ-UHFFFAOYSA-N,OG5_126623,TcCLB.507713.30,"heat shock protein 85, putative"
YPL240C,Hsp90 family chaperone HSP82,FEBNTWHYQKGEIQ-UHFFFAOYSA-N,OG5_126623,TcCLB.503811.10,"heat shock protein 90, putative"
YGL167C,Ca(2+)/Mn(2+)-transporting P-type ATPase PMR1 ,FEBNTWHYQKGEIQ-UHFFFAOYSA-N,OG5_126674,TcCLB.509777.70,Calcium ATPase SERCA-like
YGL167C,Ca(2+)/Mn(2+)-transporting P-type ATPase PMR1 ,FEBNTWHYQKGEIQ-UHFFFAOYSA-N,OG5_126674,TcCLB.503563.10,"calcium-translocating P-type ATPase, putative"
YGL167C,Ca(2+)/Mn(2+)-transporting P-type ATPase PMR1 ,RBTBFTRPCNLSDE-UHFFFAOYSA-N,OG5_126674,TcCLB.509777.70,Calcium ATPase SERCA-like
YGL167C,Ca(2+)/Mn(2+)-transporting P-type ATPase PMR1 ,RBTBFTRPCNLSDE-UHFFFAOYSA-N,OG5_126674,TcCLB.503563.10,"calcium-translocating P-type ATPase, putative"
YLL041C,succinate dehydrogenase iron-sulfur protein subunit SDH2 ,BPRHUIZQVSMCRT-UHFFFAOYSA-N,OG5_126893,TcCLB.509769.60,succinate dehydrogenase iron-sulfur subunit
YLL041C,succinate dehydrogenase iron-sulfur protein subunit SDH2 ,BPRHUIZQVSMCRT-UHFFFAOYSA-N,OG5_126893,TcCLB.505843.24,"succinate dehydrogenase, putative"
YLL041C,succinate dehydrogenase iron-sulfur protein subunit SDH2 ,BPRHUIZQVSMCRT-UHFFFAOYSA-N,OG5_126893,TcCLB.504949.30,succinate dehydrogenase iron-sulfur subunit
YLL041C,succinate dehydrogenase iron-sulfur protein subunit SDH2 ,RBTBFTRPCNLSDE-UHFFFAOYSA-N,OG5_126893,TcCLB.509769.60,succinate dehydrogenase iron-sulfur subunit
YLL041C,succinate dehydrogenase iron-sulfur protein subunit SDH2 ,RBTBFTRPCNLSDE-UHFFFAOYSA-N,OG5_126893,TcCLB.505843.24,"succinate dehydrogenase, putative"
YLL041C,succinate dehydrogenase iron-sulfur protein subunit SDH2 ,RBTBFTRPCNLSDE-UHFFFAOYSA-N,OG5_126893,TcCLB.504949.30,succinate dehydrogenase iron-sulfur subunit
YLL041C,succinate dehydrogenase iron-sulfur protein subunit SDH2 ,PGOYMURMZNDHNS-UHFFFAOYSA-N,OG5_126893,TcCLB.509769.60,succinate dehydrogenase iron-sulfur subunit
YLL041C,succinate dehydrogenase iron-sulfur protein subunit SDH2 ,PGOYMURMZNDHNS-UHFFFAOYSA-N,OG5_126893,TcCLB.505843.24,"succinate dehydrogenase, putative"
YLL041C,succinate dehydrogenase iron-sulfur protein subunit SDH2 ,PGOYMURMZNDHNS-UHFFFAOYSA-N,OG5_126893,TcCLB.504949.30,succinate dehydrogenase iron-sulfur subunit
